drill_angle_deg,pin_pap_in,val_angle_deg,angle_sum_deg,mass_after_lb,removed_mass_oz,com_shift_in,pap_rg_in,pap_inertia_lb_in2,rg_low_in,rg_mid_in,rg_high_in,total_diff_in,int_diff_in,normalized_axis_misalignment,torque_free_axis_rate_per_spin,performance_diff_in,effective_flare_diff_in,flare_utilization_pct,pap_to_pin_deg,pap_to_psa_deg
10,1,20,30,14.851668473302542,2.373304427159314,0.030252031837611982,2.4706187658813037,90.65394702136253,2.4682504517325943,2.5141354628607795,2.526105824284823,0.05785537255222861,0.011970361424043396,0.37789057823230987,0.008611639519591666,0.05908073870373824,0.022326054511147653,37.78905782323099,13.332351253771314,76.87384633023575
10,1,30,40,14.851669692493402,2.3732849201055473,0.030253967020396757,2.4706198374801303,90.65403310322078,2.468688751780307,2.5127220629262577,2.527083636437481,0.05839488465717402,0.014361573511223469,0.33516168319037043,0.007711098929428542,0.0601349927067671,0.020154945374240712,33.51616831903704,13.332351253771314,76.87384633023575
10,1,40,50,14.851669025628611,2.3732955899422157,0.030252118429457582,2.4706195455629194,90.65400761016835,2.469110221963431,2.5112183146456406,2.528166447235719,0.05905622527228793,0.016948132590078213,0.2925146143850782,0.006812008204237842,0.06144002719483522,0.01797210586270594,29.25146143850782,13.332351253771314,76.87384633023575
10,1,50,60,14.85166957575685,2.3732867878904194,0.0302496019080522,2.47061853032866,90.65393646451865,2.4694921492780884,2.5098253358304556,2.5291765446363708,0.059684395358282405,0.01935120880591512,0.2523140907809199,0.00594781852593913,0.06274309787963844,0.015830967694279236,25.23140907809199,13.332351253771314,76.87384633023575
10,1,60,70,14.851668943908855,2.3732968974583124,0.030251068790313886,2.470619320278829,90.65399057873616,2.4698111629455886,2.508668932966667,2.530012136288612,0.060200973343023545,0.021343203321944948,0.21680661024494458,0.005167241963912583,0.06387244726397535,0.013847968779351481,21.68066102449446,13.332351253771314,76.87384633023575
10,1,70,80,14.851668746998223,2.3733000480284314,0.030252190920320558,2.470618664010179,90.65394121611338,2.4700402394266208,2.5078366216985164,2.530613546184446,0.06057330675782513,0.022776924485929495,0.1887406967955592,0.00453867939197664,0.06471409259670817,0.012214182929195037,18.87406967955592,13.332351253771314,76.87384633023575
10,1.5,20,30,14.851669040659537,2.373295349447396,0.03025060803147887,2.4739787043279273,90.9006893288413,2.469144962171986,2.514134997324786,2.525232039848648,0.05608707767666177,0.011097042523861678,0.5500791886846578,0.01217687356992738,0.057174335458178134,0.03145041206241909,55.00791886846578,19.998526880657007,70.31794977126457
10,1.5,30,40,14.851669348757643,2.3732904198777307,0.03025296142175709,2.4739789820573588,90.90071162364463,2.469814205031806,2.5128128392641123,2.5258934365841674,0.056079231552361275,0.013080597320055176,0.5092146050798012,0.011279464253635373,0.05758456596825913,0.029322902018218834,50.92146050798012,19.998526880657007,70.31794977126457
10,1.5,40,50,14.851669434272473,2.373289051640429,0.030251160833871908,2.473978747836702,90.90069493523802,2.470460559796646,2.5113137769453506,2.526752107077129,0.05629154728048302,0.015438330131778422,0.4679618026573062,0.010418328842743334,0.05837020072338824,0.02731502435198556,46.79618026573062,19.998526880657007,70.31794977126457
10,1.5,50,60,14.851669173743252,2.37329322010798,0.03025253847833643,2.4739789757657324,90.90071009011353,2.4710476124182263,2.50988140684854,2.527601093318317,0.05655348090009049,0.01771968646977662,0.42984449275825903,0.009630406463290869,0.05926452134712711,0.025474528117016868,42.9844492758259,19.998526880657007,70.31794977126457
10,1.5,60,70,14.851669398423931,2.373289625217102,0.030249948033422822,2.473978719490481,90.9006926327903,2.471533720998032,2.5086713938283403,2.5283270209004276,0.05679329990239568,0.019655627072087345,0.39752711144317554,0.008960496172006682,0.06009844082337269,0.023890759582753968,39.75271114431755,19.998526880657007,70.31794977126457
10,1.5,70,80,14.851669271492604,2.373291656118328,0.030254867207888097,2.473979286215333,90.90073350192088,2.4718795494655335,2.5077944073238796,2.5288587705945047,0.05697922112897125,0.02106436327062511,0.37329700949744243,0.008454736439117067,0.0607481607989992,0.022677106758736167,37.32970094974424,19.998526880657007,70.31794977126457
10,2,20,30,14.851670018326386,2.3732797067778333,0.0302493995849645,2.4784191642575863,91.22729726369091,2.470144620711976,2.5139905808934206,2.5243980595407276,0.054253438828751666,0.010407478647306956,0.7133096553517454,0.015287703277818435,0.05524265776136454,0.03940512116847336,71.33096553517454,26.664702507542657,63.77158741992102
10,2,30,40,14.851669941755983,2.3732809319042762,0.030251877078670594,2.4784193452539767,91.22731011782342,2.4710519611019737,2.5128130850528207,2.5246823440475916,0.05363038294561795,0.01186925899477087,0.6792447016067683,0.014403271844543803,0.05492811014388332,0.03730962778450573,67.92447016067683,26.664702507542657,63.77158741992102
10,2,40,50,14.85166978800474,2.373283391924166,0.030250095947055064,2.4784191248682794,91.22729294919063,2.47193646329973,2.511356396876345,2.5252658756130346,0.05332941231330457,0.013909478736689795,0.6426970328737893,0.013569629609345013,0.0551135175470489,0.035421294198725854,64.26970328737893,26.664702507542657,63.77158741992102
10,2,50,60,14.851668978231285,2.373296348299438,0.030251567425434948,2.478419386972874,91.22730727054653,2.4727446419207224,2.5099034121927772,2.5259190704406427,0.05317442851992027,0.01601565824786544,0.6080944816556051,0.012821671827176459,0.05553396399981304,0.03376989705274734,60.80944816556051,26.664702507542657,63.77158741992102
10,2,60,70,14.85166945886119,2.3732886582209565,0.03025266683491729,2.4784196166257404,91.22732712927774,2.4734156324364567,2.508647694872271,2.5265094763663125,0.05309384392985583,0.017861781494041384,0.5784918971712648,0.0121977140867842,0.05601784984617643,0.032405872232969646,57.84918971712648,26.664702507542657,63.77158741992102
10,2,70,80,14.85166906446811,2.373294968510229,0.030250316333338734,2.478419373530674,91.22730681068279,2.47388578952448,2.507733950687426,2.526956279382572,0.05307048985809182,0.01922232869514584,0.5562324676536836,0.01173675516814912,0.0564444400649174,0.031396230182639456,55.623246765368364,26.664702507542657,63.77158741992102
10,2.5,20,30,14.851668524896228,2.373303601660345,0.030251963840267102,2.4836960325086106,91.61617053744966,2.4712056500088093,2.513651210710007,2.523697340946339,0.0524916909375297,0.01004613023633194,0.8491923275491317,0.017618994078223666,0.05344438558170989,0.045384562186565475,84.91923275491317,33.330878134428325,57.239714421802795
10,2.5,30,40,14.851669007308292,2.3732958830673154,0.030254793220670675,2.483697025597646,91.61624677755461,2.472347976112028,2.51266932875067,2.5235562333441948,0.0512082572321666,0.010886904593524704,0.826479413437872,0.01674334972292637,0.05235274873761885,0.04326846906852752,82.6479413437872,33.330878134428325,57.239714421802795
10,2.5,40,50,14.85166841747339,2.37330532042576,0.030253110743793176,2.483696693383797,91.61621863023748,2.473474915075087,2.5113063058654967,2.523808707351897,0.050333792276809675,0.012502401486400139,0.7986752651745939,0.015924029728302695,0.051863288440785985,0.04142192564827119,79.86752651745938,33.330878134428325,57.239714421802795
10,2.5,50,60,14.851669644094033,2.3732856944954888,0.030254350228045245,2.4836970580368964,91.61625309890361,2.474513989798917,2.5098644268464394,2.524224447954145,0.04971045815522812,0.014360021107705734,0.7705312430628631,0.015194800369732784,0.051743017463387664,0.03986961156588753,77.0531243062863,33.330878134428325,57.239714421802795
10,2.5,60,70,14.851669592627657,2.3732865179574887,0.030251813421391983,2.4836959548059596,91.61617139157323,2.4753794929271877,2.5085798603317904,2.5246528233963583,0.049273330469170595,0.016072963064567958,0.7454571979681933,0.01459131702610943,0.051828575488807926,0.038635984658569746,74.54571979681933,33.330878134428325,57.239714421802795
10,2.5,70,80,14.851669107335043,2.3732942826393004,0.03025310199627372,2.4836962991320086,91.61619380025925,2.475983628743362,2.507637182078397,2.5249968004644328,0.04901317172107067,0.017359618386035613,0.7258151925077589,0.014146025364802667,0.0519966090497058,0.0377399288071629,72.5815192507759,33.330878134428325,57.239714421802795
10,3,20,30,14.851669288286786,2.3732913874114283,0.030254395551932132,2.4895211897066547,92.0464247211898,2.472277403046347,2.5130723522309544,2.523224096858968,0.05094669381262085,0.010151744628013493,0.9429578144714206,0.01899836695936217,0.05194827744429396,0.04898503416442642,94.29578144714206,39.997053761314,50.72942095594871
10,3,30,40,14.85166965964119,2.373285445740953,0.030249994642881344,2.489519700030597,92.04631686555834,2.4736420428140837,2.5123004010345977,2.5226554037685314,0.04901336095444764,0.010355002733933638,0.9342924324515292,0.01812474195642078,0.050095265581397465,0.046803627534349204,93.42924324515292,39.997053761314,50.72942095594871
10,3,40,50,14.851668328535144,2.373306743437683,0.030252362375393377,2.489519771086259,92.04631387010738,2.4750013095516317,2.5110956459927465,2.5225215851050136,0.0475202755533819,0.01142593911226708,0.9192378865863056,0.017310130860302284,0.04887462197568979,0.04492740421263769,91.92378865863056,39.997053761314,50.72942095594871
10,3,50,60,14.851669449581394,2.3732888066977127,0.030253683890241887,2.489520108643111,92.04634577936038,2.4762685087630842,2.509717046700431,2.522649916184086,0.04638140742100161,0.012932869483655018,0.9012207757209786,0.016586871448968483,0.04815074316595952,0.04339445010756764,90.12207757209787,39.997053761314,50.72942095594871
10,3,60,70,14.851669382397425,2.3732898816411985,0.030251155859126355,2.4895201676595904,92.04634972706873,2.477331352661865,2.508438429855875,2.522878212693112,0.04554686003124697,0.014439782837237125,0.883513868588086,0.015989051918819955,0.047780998180161224,0.04221517454715454,88.3513868588086,39.997053761314,50.72942095594871
10,3,70,80,14.851669004475891,2.3732959283857316,0.03025244182593759,2.489519984366608,92.0463338308439,2.478067795230096,2.5074949124065355,2.5230928050777406,0.04502500984764479,0.015597892671205038,0.8682142574122826,0.015546396007632446,0.04765024415008744,0.04137062134028213,86.82142574122827,39.997053761314,50.72942095594871
10,3.5,20,30,14.85166871456472,2.373300566964482,0.030249819040181203,2.4955745985271642,92.49459734073861,2.473308003975577,2.5122567587335953,2.5230263305119465,0.04971832653636943,0.010769571778351139,0.9829702328182189,0.01933856056961176,0.050871363947373315,0.0500050364631299,98.2970232818219,46.66322938819967,44.251583605691394
10,3.5,30,40,14.85166888082242,2.3732979068412914,0.0302528611227948,2.4955754196350703,92.4946592423634,2.4748583577678396,2.51167718997579,2.522082861741548,0.047224503973708476,0.010405671765758129,0.9873206527931203,0.018463856818909042,0.04835733429852708,0.047744194866956906,98.73206527931202,46.66322938819967,44.251583605691394
10,3.5,40,50,14.851668733956151,2.373300256701577,0.03025133392077941,2.4955750416197118,92.49463030658376,2.4764283929393223,2.5106576908660467,2.521556801168257,0.04512840822893471,0.010899110302210246,0.9863315774157216,0.01764607423883005,0.046425896164286676,0.04579132739665938,98.63315774157216,46.66322938819967,44.251583605691394
10,3.5,50,60,14.851668710415417,2.3733006333533355,0.03025292012101848,2.4955752719728173,92.49464723533869,2.4779059245316297,2.5094037483522293,2.52135340507361,0.04344748054198044,0.01194965672138082,0.980961580839443,0.016917841364201342,0.04506082401826015,0.044202937162880415,98.09615808394429,46.66322938819967,44.251583605691394
10,3.5,60,70,14.85166951536209,2.373287754206555,0.03025044317574458,2.495574758681629,92.49461419977271,2.4791523230456978,2.50818916645537,2.521336836561589,0.042184513515891364,0.013147670106218978,0.9730562482153877,0.01631332468985579,0.04418590736642607,0.04299537324596721,97.30562482153877,46.66322938819967,44.251583605691394
10,3.5,70,80,14.85166838969398,2.373305764896315,0.030251768095857154,2.4955749255855557,92.49461956130243,2.4800094747504224,2.5072909532169687,2.5213871480961565,0.041377673345734056,0.014096194879187784,0.9638058599183431,0.015862612842406667,0.04371286494361026,0.04213071538647069,96.38058599183431,46.66322938819967,44.251583605691394
10,4,20,30,14.851669292413252,2.3732913213879696,0.03025232514441372,2.501533626110599,92.9368525479075,2.4742268499950515,2.5112828564446663,2.5230949503417617,0.048868100346710186,0.011812093897095366,0.9628592180988584,0.018633593255221736,0.05027540943373743,0.04840814141696839,96.28592180988585,53.329405015085335,37.82413008917072
10,4,30,40,14.851668792431791,2.3732993210913396,0.030252073504599547,2.5015338772581477,92.936868080431,2.475921929866231,2.5108129801988874,2.5218994496058107,0.04597751973957953,0.01108646940692326,0.9743225718087237,0.017751944155434986,0.04729526535832176,0.046080844578296094,97.43225718087237,53.329405015085335,37.82413008917072
10,4,40,50,14.851668985500188,2.373296231996994,0.03025425670428154,2.5015346522551436,92.93692687390265,2.4776554207693753,2.5099756208570483,2.521030338983828,0.043374918214452496,0.011054718126779495,0.9835783283940265,0.016922633623121817,0.044761482582383154,0.044026424214818755,98.35783283940265,53.329405015085335,37.82413008917072
10,4,50,60,14.851668635697667,2.37330182883733,0.03025232896756697,2.501533625345817,92.93684838157148,2.479304726855024,2.508890509398502,2.5204889466545795,0.04118421979955533,0.011598437256077343,0.9892249923788945,0.016178785457920113,0.042786256055902444,0.042325233820821526,98.92249923788945,53.329405015085335,37.82413008917072
10,4,60,70,14.851669681053131,2.3732851031499003,0.030249801794527166,2.501533753571263,92.93686445071276,2.4806996219472848,2.5078075718006185,2.5201942876910133,0.03949466574372851,0.01238671589039475,0.990744549461809,0.01555595248558754,0.04139153721182869,0.04100843988646492,99.07445494618091,53.329405015085335,37.82413008917072
10,4,70,80,14.851669964963914,2.373280560577368,0.030251031638419572,2.501533761133833,92.93686678926156,2.4816462862099553,2.5070250487561276,2.520040777893914,0.0383944916839587,0.01301572913778637,0.9875462508178003,0.01508525207379599,0.0405406733621655,0.040035789984435605,98.75462508178003,53.329405015085335,37.82413008917072
10,4.5,20,30,14.851668616674292,2.373302133211319,0.030251656654546044,2.5070773962732584,93.34922848803059,2.4749757062080597,2.5102398534233332,2.523398356378355,0.048422650170295345,0.013158502955021856,0.8831264188223109,0.016955124037031682,0.050178673254004255,0.04431411201206365,88.31264188223109,59.99558064197102,31.47911670743113
10,4.5,30,40,14.851669209982342,2.373292640282518,0.030254925055233202,2.507078080613453,93.34928317907253,2.4767460461055006,2.509817103628921,2.522081498828951,0.04533545272345041,0.012264395200030087,0.8930842289530522,0.016061781155402226,0.04696507918935865,0.0419437715355474,89.30842289530521,59.99558064197102,31.47911670743113
10,4.5,40,50,14.8516691028563,2.3732943542991976,0.030250141250266708,2.5070764256397777,93.34915926222583,2.47858322177888,2.5091085847855386,2.5209814866297977,0.04239826485091758,0.011872901844259154,0.9036524985987313,0.015211293896570235,0.04402929320999788,0.03978718082075074,90.36524985987313,59.99558064197102,31.47911670743113
10,4.5,50,60,14.851669000609983,2.3732959902402775,0.030251577153009405,2.507077194281878,93.34921585922612,2.480333789299983,2.5082088699611673,2.5201549389590414,0.039821149659058364,0.011946068997874093,0.9124146174078066,0.014439254062428245,0.04157442151938007,0.03793310990455605,91.24146174078066,59.99558064197102,31.47911670743113
10,4.5,60,70,14.851669033628312,2.373295461946995,0.030252951906973066,2.5070775755142325,93.34924445658788,2.481813802428857,2.5073201157790965,2.5195821633930646,0.03776836096420766,0.012262047613968097,0.9172841273022061,0.013780847238477188,0.03970902796103055,0.03642446105925281,91.72841273022061,59.99558064197102,31.47911670743113
10,4.5,70,80,14.851668782940026,2.3732994729595926,0.03025425030218834,2.5070779264150778,93.34926901198875,2.482797093416532,2.5067279827660465,2.5192025328424803,0.036405439425948316,0.012474550076433832,0.9159890186619127,0.013273042986086472,0.038483378482220706,0.035250352090724316,91.59890186619127,59.99558064197102,31.47911670743113
10,5,20,30,14.851669083851712,2.3732946583726036,0.03025080834668659,2.5119097160418704,93.70943416234334,2.4754923650550675,2.50923755058004,2.523888456233144,0.04839609117807653,0.014650905653104118,0.7524021161708059,0.014468179979121927,0.050565113247899036,0.03804529821213569,75.24021161708059,66.66175626885669,25.27983393947039
10,5,30,40,14.85166839437751,2.3733056899598477,0.030254465105831095,2.511910429075211,93.70948301289718,2.477260545603208,2.5088206498652315,2.5225675107779364,0.04530696517472821,0.013746860912704939,0.7530586559765352,0.013561719109795282,0.04734656564416567,0.035654741089100196,75.30586559765352,66.66175626885669,25.27983393947039
10,5,40,50,14.851669605815228,2.3732863069563472,0.03024939324237464,2.5119094891569436,93.70942052741,2.4791095124793006,2.508205868840882,2.521362343115318,0.04225283063601726,0.01315647427443567,0.7546300884858808,0.012681330631490394,0.04425375139002168,0.03339521232728423,75.46300884858807,66.66175626885669,25.27983393947039
10,5,50,60,14.85167004678857,2.3732792513828826,0.030251038921047992,2.511910188453662,93.70947548581998,2.48087042313361,2.507480358902215,2.5203516821776173,0.039481259044007455,0.01287132327540208,0.7549355057877544,0.011862589158844396,0.041526386533864555,0.03134974362148083,75.49355057877544,66.66175626885669,25.27983393947039
10,5,60,70,14.851669414494728,2.3732893680843703,0.03025243487796574,2.511910380154893,93.7094857994758,2.482343615609774,2.506818172869114,2.5195596913713127,0.037216075761538736,0.012741518502198623,0.7518884944158448,0.011144118524613954,0.03933678416991481,0.029576875424678285,75.18884944158448,66.66175626885669,25.27983393947039
10,5,70,80,14.85166901597805,2.3732957443512044,0.030250256454142317,2.5119098253110015,93.70944188688142,2.4832846477714483,2.5064779552342054,2.518970849097544,0.0356862013260959,0.01249289386333885,0.7434865503608006,0.010570303148985707,0.03780975220981087,0.028111042240468943,74.34865503608006,66.66175626885669,25.27983393947039
10,5.5,20,30,14.851669042626694,2.373295317972879,0.030250476293649933,2.515775875416951,93.99811817649737,2.4757263848664075,2.508363448353662,2.52452767142169,0.04880128655528271,0.01616422306802834,0.5898467567164285,0.011488503066674954,0.051408634263553396,0.03032321618757803,58.98467567164285,73.32793189574235,19.367854314791366
10,5.5,30,40,14.85166980521004,2.373283116639351,0.030253918412856698,2.5157773301185866,93.998231708426,2.4774045812627326,2.5079462855884436,2.5232954691139837,0.04589088785125117,0.015349183525540155,0.5775651723169976,0.010581692126141599,0.04838978221357094,0.027948252902563083,57.75651723169975,73.32793189574235,19.367854314791366
10,5.5,40,50,14.85166865679509,2.3733014912785757,0.030252765166530842,2.5157765568897483,93.998166658903,2.479164319838385,2.5074141669180663,2.5220956523219216,0.04293133248353653,0.014681485403855277,0.5638957500042531,0.009668366404144002,0.04537229686136216,0.025585245368053434,56.38957500042531,73.32793189574235,19.367854314791366
10,5.5,50,60,14.851670124288237,2.3732780113881953,0.03025062635964031,2.5157760595754626,93.99813878407579,2.4808339457481727,2.5068525307541125,2.5210120617783853,0.040178116030212596,0.014159531024272809,0.5471137081394802,0.008781983236824952,0.04260015641478997,0.02330712954341761,54.71137081394802,73.32793189574235,19.367854314791366
10,5.5,60,70,14.851669072349658,2.3732948424054596,0.03025213659795018,2.515776777553909,93.99818577856563,2.4822002360911597,2.5064220269539375,2.5200949759652573,0.03789473987409764,0.01367294901131988,0.5258246038192712,0.007962063137482907,0.04028598819430496,0.021183363781738244,52.58246038192712,73.32793189574235,19.367854314791366
10,5.5,70,80,14.851668944771712,2.3732968836526203,0.030249868222660636,2.515775626230615,93.99809893622897,2.4830295350387024,2.5063434609699455,2.5193561061108616,0.0363265710721592,0.013012645140916046,0.5001635374638539,0.007258568520813267,0.03858689802800997,0.019299759417446476,50.01635374638539,73.32793189574235,19.367854314791366
10,6,20,30,14.851670022051717,2.3732796471725104,0.030250193545160026,2.51847224219113,94.19972360803857,2.4756499896240376,2.507679165119589,2.5252823376209674,0.04963234799692984,0.017603172501378328,0.4328110656333216,0.008659731948366282,0.052661576598138686,0.022792513085371197,43.28110656333216,79.99410752262803,14.110179469737337
10,6,30,40,14.851669352885889,2.373290353825788,0.030253573314616207,2.518473556961462,94.19981771781352,2.4771554042859205,2.5072742015191163,2.52420786368856,0.04705245940263936,0.016933662169443586,0.4127248919890944,0.00783434588210919,0.05000682803683782,0.020639062700221106,41.27248919890944,79.99410752262803,14.110179469737337
10,6,40,50,14.851668768348793,2.373299706419319,0.03025246197359076,2.518472702384258,94.19975008185877,2.478735679775181,2.5068238668543343,2.5231035571340175,0.044367877358836516,0.016279690279683123,0.38853387124266947,0.006958681087369247,0.047260309530632226,0.018362231018063366,38.853387124266945,79.99410752262803,14.110179469737337
10,6,50,60,14.851669813990199,2.3732829761568266,0.030253973115133972,2.5184731738115267,94.19979198014005,2.4802160776526625,2.506418045254377,2.522051714112631,0.04183563645996857,0.015633668858253902,0.358079077366722,0.006050214335145556,0.04466130405597434,0.01599227855035793,35.8079077366722,79.99410752262803,14.110179469737337
10,6,60,70,14.851668530279749,2.37330351552401,0.03025204115288359,2.5184733139894835,94.19979432424142,2.4813970253622486,2.506199670828762,2.5211069148483065,0.039709889486057914,0.014907244019544574,0.3194695223987221,0.0051251930003832335,0.04241581364601156,0.013550559727644513,31.94695223987221,79.99410752262803,14.110179469737337
10,6,70,80,14.851669243958504,2.373292096663926,0.03024956931628261,2.518472190982981,94.1997148420952,2.4820692327043115,2.5063422404080455,2.5203034206175703,0.03823418791325883,0.013961180209524748,0.2725742827277788,0.0042101716201856185,0.04070341113751049,0.011094703095380805,27.25742827277788,79.99410752262803,14.110179469737337
20,1,20,40,14.851669987003167,2.3732802079493216,0.030249308012427853,2.47053315392783,90.64767368271174,2.4682073950470222,2.514741683891996,2.5255445327956814,0.05733713774865912,0.010802848903685547,0.38564878772822897,0.00871977280961612,0.058345941672446854,0.022501041674841085,38.564878772822894,13.332351253771314,77.48516673524205
20,1,30,50,14.85166834782306,2.373306434831059,0.030252688257109115,2.4705330186521888,90.64765375097745,2.468625439777605,2.5137371939152384,2.5261357261516264,0.05751028637402156,0.012398532236387982,0.34498098792416065,0.007823800379478996,0.05883159559657312,0.020295781970060493,34.498098792416066,13.332351253771314,77.48516673524205
20,1,40,60,14.851668116227186,2.3733101403650227,0.0302548658686483,2.4705340375318046,90.64772710595687,2.4690308668052316,2.5123539099273864,2.5271153600858764,0.0580844932806448,0.014761450158490064,0.3019526883596266,0.00692019059596614,0.05993086659185613,0.01809628628313309,30.195268835962658,13.332351253771314,77.48516673524205
20,1,50,70,14.851669814557592,2.373282967078516,0.03025240352241113,2.4705338375626154,90.64772279742101,2.4694034817438824,2.5108867536021338,2.528209317450836,0.05880583570695386,0.017322563848702455,0.2597766840303797,0.006034945336479564,0.06130413959501938,0.01592538610132964,25.977668403037967,13.332351253771314,77.48516673524205
20,1,60,80,14.851669405548904,2.373289511217526,0.03025011185112798,2.4705328327756053,90.64764656664691,2.4697209286966713,2.5095369981739775,2.5292392388687985,0.059518310172127276,0.01970224069482107,0.22114193468242463,0.00520994086271048,0.06269455745231967,0.013864395729064394,22.114193468242462,13.332351253771314,77.48516673524205
20,1,70,90,14.851668994189831,2.3732960929627174,0.030251410367461432,2.4705334358909905,90.64768831436844,2.4699619470504173,2.5084311611777608,2.530100684143655,0.060138737093237804,0.021669522965894306,0.18889977633546737,0.004508008341240288,0.06392367264745509,0.0120751674656459,18.889977633546735,13.332351253771314,77.48516673524205
20,1.5,20,40,14.851669168171465,2.3732933092565567,0.030252114539747448,2.473790413720773,90.88685402025742,2.4690885626916614,2.5142933906533145,2.525129405651917,0.05604084296025569,0.01083601499860265,0.5507476479042761,0.012190081793492569,0.0570788516067552,0.03143604326749764,55.07476479042761,19.998526880657007,71.25413642646889
20,1.5,30,50,14.851668707291898,2.3733006833296306,0.03025182679617352,2.473790708929765,90.88687289174908,2.469735055780936,2.5134831676870353,2.5253037923605777,0.055568736579641786,0.01182062467354239,0.5139972591533297,0.011286315006917057,0.05681207312473625,0.029201249872932974,51.39972591533297,19.998526880657007,71.25413642646889
20,1.5,40,60,14.851669340454531,2.373290552727483,0.03025395448516799,2.4737910810767203,90.88690411177878,2.470361339273003,2.5122051560791068,2.5259627958948605,0.05560145662185745,0.01375763981575373,0.4731034940239788,0.010404910638337476,0.05727822126927745,0.027098526613973738,47.310349402397875,19.998526880657007,71.25413642646889
20,1.5,50,70,14.851669815395566,2.373282953670956,0.030251991762684904,2.4737901538344365,90.88683888463069,2.470935182711656,2.510763410077807,2.52683491231433,0.055899729602673975,0.01607150223652276,0.43267269788403867,0.009580563852645099,0.058164189616899335,0.025166056841782625,43.267269788403866,19.998526880657007,71.25413642646889
20,1.5,60,80,14.851669967484524,2.373280520247623,0.030253293888769135,2.473790460353435,90.88686233832529,2.471421164600283,2.509399038265117,2.5277147806851925,0.05629361608490946,0.018315742420075498,0.39649656918900555,0.008856088624298151,0.05919829078878655,0.023471919199606978,39.649656918900554,19.998526880657007,71.25413642646889
20,1.5,70,90,14.851669682614116,2.373285078174151,0.030254444393349122,2.4737910880097225,90.88690671510902,2.4717807868190205,2.508269573366285,2.5284840137167506,0.05670322689773011,0.0202144403504656,0.36747129698407077,0.008279792607635965,0.06019866725516434,0.02212128233296775,36.74712969840708,19.998526880657007,71.25413642646889
20,2,20,40,14.85166881305929,2.373298991051368,0.030251523747357352,2.4780955298983165,91.20346632123292,2.4700779680259237,2.5136327326789636,2.5248195253416355,0.05474155731571173,0.011186792662671863,0.7041287276092159,0.015235381833825222,0.05587291318185371,0.03934172326655884,70.41287276092159,26.664702507542682,65.05775405126572
20,2,30,50,14.851668821098333,2.3732988624266684,0.030254916341085448,2.4780966165001854,91.20354635289121,2.4709599038083763,2.5130445776661365,2.5245419419723243,0.05358203816394802,0.011497364306187752,0.6766456096373981,0.014339071163708235,0.054801680629265215,0.03708131659854315,67.6645609637398,26.664702507542682,65.05775405126572
20,2,40,60,14.851669129155086,2.3732939335186125,0.030249858298699344,2.4780953629572235,91.20345597421264,2.4718210492764916,2.5119108052089274,2.5248273948190962,0.05300634554260464,0.012916589610168838,0.6422770194054204,0.013478712371715516,0.05455740971618359,0.03504097049899072,64.22770194054203,26.664702507542682,65.05775405126572
20,2,50,70,14.851669941549769,2.373280935203702,0.03025131276695507,2.478095628881615,91.20348053717939,2.472613550179196,2.510536564736553,2.525418143741973,0.052804593562777224,0.014881579005419976,0.6061644572139362,0.012689670897267372,0.054861521078299044,0.03325510414635806,60.61644572139362,26.664702507542682,65.05775405126572
20,2,60,80,14.851669387209911,2.373289804641416,0.0302527393409954,2.478095946195497,91.2035004897526,2.4732831790110468,2.5091811000640885,2.5261093861883075,0.05282620717726072,0.01692828612421904,0.5726186041527461,0.012009455454928477,0.05547229070300142,0.03176446567150803,57.26186041527461,26.664702507542682,65.05775405126572
20,2,70,90,14.851668112436178,2.373310201021148,0.03025435588380836,2.478096613885293,91.20354180854694,2.47377203323195,2.508044459827848,2.526759310415424,0.052987277183473847,0.018714850587575604,0.54496206360221,0.011477511042126349,0.05619517039598303,0.03062423602347273,54.496206360221,26.664702507542682,65.05775405126572
20,2.5,20,40,14.85166945162639,2.373288773977746,0.03025118673926124,2.483211451491714,91.58043023023161,2.4711340159013253,2.512758024286654,2.5246568447050834,0.05352282880375814,0.011898820418429601,0.8286620101999986,0.017541697089860066,0.05482950966866691,0.045435131700317787,82.86620101999986,33.330878134428325,58.913210486862894
20,2.5,30,50,14.851668865123614,2.373298158022174,0.030254571135360002,2.4832123410937594,91.58049223042023,2.4722495500266413,2.5123647586783195,2.5239559117799777,0.05170636175333643,0.011591153101658147,0.8137087920334866,0.016650448206093918,0.05298964687552628,0.0431181415493655,81.37087920334865,33.330878134428325,58.913210486862894
20,2.5,40,60,14.851669815974576,2.3732829444067916,0.030249467151902198,2.4832118187906036,91.5804595687741,2.473350958457212,2.5114194876084217,2.5238177324691313,0.050466774011919124,0.012398244860709617,0.7904047326932186,0.015801813124605008,0.05196741050693432,0.04107528721049218,79.04047326932186,33.330878134428325,58.913210486862894
20,2.5,50,70,14.85166892172534,2.373297252394558,0.0302511255395463,2.483211995080017,91.58046705757954,2.4743713892203965,2.5101577834687085,2.5240726084695155,0.04970121924911908,0.013914825000806985,0.7623299423879548,0.015028381016816873,0.051612339122075135,0.03934563150943912,76.23299423879548,33.330878134428325,58.913210486862894
20,2.5,60,80,14.851668706511829,2.3733006958107365,0.03025253249064855,2.4832123532475263,91.5804921488236,2.4752353995103595,2.508849151457356,2.524526430872867,0.049291031362507454,0.015677279415510892,0.7338336040569831,0.014365763735741032,0.05172410330447203,0.03795688514453642,73.38336040569831,33.330878134428325,58.913210486862894
20,2.5,70,90,14.851668515319467,2.3733037548885356,0.03025041434446589,2.4832111706002182,91.58040373818368,2.475857194967023,2.507734935107964,2.525023743368709,0.04916654840168588,0.017288808260744748,0.7085600782001061,0.013849900761531125,0.052117678121843806,0.03692850608562161,70.85600782001062,33.330878134428325,58.913210486862894
20,3,20,40,14.851668545843879,2.3733032664979365,0.030251083923178816,2.488859129441825,91.99746920151404,2.4722076551789556,2.511694392943073,2.5246640886669622,0.05245643348800666,0.012969695723889174,0.9124958971616713,0.01894444351843891,0.05403601041390764,0.04930763780167607,91.24958971616714,39.997053761314,52.84410700418135
20,3,30,50,14.851668175363141,2.3733091941897317,0.03025436752156836,2.4888599008949535,91.997523938149,2.4735438295820122,2.5114347427463413,2.523613314225799,0.05006948464378658,0.012178571479457556,0.9105578968004494,0.01805408963445903,0.051529320738533294,0.04692042991523466,91.05578968004494,39.997053761314,52.84410700418135
20,3,40,60,14.851669335125239,2.3732906379961847,0.03025292592748863,2.4888590276454,91.9974665651066,2.474878596510683,2.5106853767422974,2.5230503432242064,0.04817174671352342,0.01236496648190899,0.9011693153513772,0.01720668951003419,0.049733384939400486,0.04481820045594603,90.11693153513772,39.997053761314,52.84410700418135
20,3,50,70,14.851669432544135,2.373289079293852,0.030250910061864096,2.4888595542950966,91.99750610241917,2.476127050077985,2.5095750068414686,2.522930168668095,0.046803118590110326,0.01335516182662655,0.8849748931890612,0.016436676879028597,0.04867126726494097,0.04307284954916738,88.49748931890612,39.997053761314,52.84410700418135
20,3,60,80,14.851668646610618,2.3733016542301075,0.030252434204680222,2.488859878208207,91.9975251800823,2.477187443906208,2.508363860189063,2.5230935673076855,0.04590612340147748,0.014729707118622315,0.864947587826051,0.015775512894035056,0.04821137249189315,0.04170031034264621,86.4947587826051,39.997053761314,52.84410700418135
20,3,70,90,14.85167011898405,2.3732780962551927,0.030249767030250077,2.4888586987700694,91.9974471077515,2.4779436089040265,2.507316212832847,2.523392456215655,0.04544884731162835,0.01607624338280811,0.8442436967205863,0.015258415704276062,0.04820833250859221,0.040699580849789106,84.42436967205863,39.997053761314,52.84410700418135
20,3.5,20,40,14.851669619070377,2.3732860948739853,0.030250918980730228,2.4947306037933488,92.43205084084883,2.4732436096127417,2.510499645650472,2.5248378385578873,0.05159422894514565,0.014338192907415337,0.9475202839397663,0.019365057021682845,0.05354949333368487,0.05073923112836371,94.75202839397663,46.663229388199674,46.88468212525314
20,3.5,30,50,14.851669805893737,2.373283105700213,0.030254041417149387,2.4947311052797794,92.43208916464394,2.4747729311309508,2.5102983494569737,2.523539008256319,0.0487660771253684,0.01324065879934544,0.9557454789729587,0.018471743933382228,0.05053162696409115,0.04829537401607817,95.57454789729587,46.663229388199674,46.88468212525314
20,3.5,40,60,14.851668292584982,2.3733073186402995,0.030252834415585825,2.494730709831568,92.43205044285266,2.4763203263913627,2.5096979797194687,2.522618006005227,0.04629767961386433,0.01292002628575828,0.9594420717569797,0.017619309991902483,0.04806664349476374,0.04611716001702028,95.94420717569797,46.663229388199674,46.88468212525314
20,3.5,50,70,14.851669316787095,2.3732909314064736,0.030254430440152295,2.4947309506912387,92.43207466530373,2.4777803573448187,2.5087680113760413,2.5221093567686594,0.04432899942384072,0.01334134539261811,0.9567121150750221,0.016839863718842992,0.046293106255726704,0.04428917559930903,95.6712115075022,46.663229388199674,46.88468212525314
20,3.5,60,80,14.851668557405008,2.3733030815198823,0.030252310781697735,2.494730776713291,92.43205704706608,2.479024913144442,2.507703079928386,2.5219454340637566,0.04292052091931442,0.014242354135370672,0.9476521191803285,0.016167831494836294,0.0452218505515046,0.042854582508389444,94.76521191803286,46.663229388199674,46.88468212525314
20,3.5,70,90,14.85166916397132,2.3732933764588955,0.030253329384414076,2.4947307474238998,92.43205865174414,2.4799044556990673,2.506783583812136,2.5219948694277416,0.04209041372867439,0.015211285615605696,0.9337380067674222,0.01563516544119299,0.04475473313439054,0.04178919531031373,93.37380067674222,46.663229388199674,46.88468212525314
20,4,20,40,14.851668515312575,2.373303754998801,0.030255044002173718,2.5005103526634254,92.86083003188233,2.474175692266803,2.5092509047132747,2.5251657761033246,0.050990083836521816,0.01591487139004988,0.9300112221426218,0.018807434929085785,0.05341602550749495,0.04967750316422684,93.00112221426218,53.32940501508535,41.08715313354034
20,4,30,50,14.85166887376372,2.373298019780498,0.030254276400217578,2.500510235168258,92.8608235463392,2.4758578419295336,2.509043462423541,2.5237228161159377,0.04786497418640412,0.014679353692396813,0.9429160858025187,0.017907459078258886,0.05006534908189112,0.0472074229906335,94.29160858025188,53.32940501508535,41.08715313354034
20,4,40,60,14.851669518789596,2.3732876993664838,0.030252588925708507,2.5005098178816123,92.86079658605823,2.4775774441775082,2.508536070565882,2.5225393793516075,0.0449619351740993,0.014003308785725643,0.9546038999273558,0.01704212696660711,0.04709212536665009,0.04495432653087214,95.46038999273559,53.32940501508535,41.08715313354034
20,4,50,70,14.85166899205794,2.373296127072966,0.030254365532586473,2.500509866830248,92.86079692822851,2.479212486085054,2.507768647670294,2.5216958170384784,0.04248333095342449,0.013927169368184611,0.9620553721639666,0.016243243861044778,0.04470793503963581,0.04301150908323927,96.20553721639666,53.32940501508535,41.08715313354034
20,4,60,80,14.851668662416516,2.3733014013357243,0.03025216664994839,2.5005096242802884,92.86077685209852,2.4806071136976846,2.506892915044113,2.52119501483034,0.040587901132655535,0.014302099786227096,0.9628427688740642,0.015545891050075863,0.04303403044858124,0.04143500503292275,96.28427688740642,53.32940501508535,41.08715313354034
20,4,70,90,14.85166882298691,2.373298832209427,0.030253254879767644,2.500509713708699,92.86078449823219,2.481574444254463,2.5061717198730733,2.520960075218722,0.039385630964258844,0.014788355345648707,0.955658324346066,0.014983365347242842,0.04207045733388171,0.04020498276017006,95.5658324346066,53.32940501508535,41.08715313354034
20,4.5,20,40,14.851669320414798,2.37329087336322,0.03025181337647281,2.505886312173699,93.26055565279923,2.474947273011084,2.508028522759787,2.525624140285568,0.05067686727448395,0.017595617525781204,0.8619534164359631,0.01735646718490026,0.05364467012545833,0.046239206688219056,86.19534164359631,59.99558064197102,35.53492080455532
20,4.5,30,50,14.851668394210881,2.3733056926259186,0.03025461225503135,2.505886198101888,93.260541346005,2.4767144329888375,2.5077866714145722,2.524131398510381,0.047416965521543286,0.016344727095808587,0.8727525333336446,0.01644889953840236,0.050154947144899716,0.04377285717992627,87.27525333336446,59.99558064197102,35.53492080455532
20,4.5,40,60,14.851669401391357,2.373289577738295,0.03025281020698344,2.5058856716429228,93.26050848454582,2.4785425549232727,2.5073309364317264,2.522789457069597,0.044246902146324096,0.015458520637870343,0.8844634357878789,0.015564035162642983,0.04686954458769408,0.04145439843984509,88.44634357878789,59.99558064197102,35.53492080455532
20,4.5,50,70,14.851668300624775,2.373307190003599,0.03025452384575482,2.50588624148253,93.26054398729343,2.480288010800845,2.5067036613480016,2.5216970171012827,0.041409006300437756,0.01499335575328109,0.8940336590086505,0.014734272828251085,0.04403982878638541,0.039373089272006646,89.40336590086505,59.99558064197102,35.53492080455532
20,4.5,60,80,14.85166853486228,2.3733034422035097,0.03025216242459709,2.505885891655983,93.26051941947807,2.481768523228103,2.5060411835776937,2.5208987693440386,0.03913024611593574,0.014857585766344883,0.8979205599931956,0.013994544262419096,0.041855991397863196,0.0375833552350397,89.79205599931956,59.99558064197102,35.53492080455532
20,4.5,70,90,14.851668852737044,2.373298356207294,0.03025333381479779,2.5058862458313715,93.26054777796173,2.4827637465257815,2.5055823900919725,2.5203747785621835,0.03761103203640204,0.014792388470211026,0.8928005119489065,0.013381583722253811,0.040415399138161334,0.03608288904116984,89.28005119489065,59.99558064197102,35.53492080455532
20,5,20,40,14.851669137971202,2.373293792460764,0.03025255256724526,2.510573023369777,93.609727587315,2.475485188806474,2.5069217341579173,2.5261956637027327,0.050710474896258795,0.019273929544815438,0.7522111923901811,0.015204794352422118,0.05424976151378551,0.04080727779516755,75.22111923901811,66.66175626885669,30.366544592085987
20,5,30,50,14.851668733375273,2.3733002659956117,0.030255084631759445,2.51057410071527,93.60980537741005,2.4772601225263293,2.506642157744665,2.524732708451861,0.04747258592553161,0.018090550707195785,0.7553133494711659,0.014296113445594021,0.050802701102860705,0.038371958332184215,75.53133494711659,66.66175626885669,30.366544592085987
20,5,40,60,14.851669200868363,2.373292786106188,0.03025303903209783,2.510573348131692,93.60975220203136,2.4791101619838685,2.5062284391009304,2.5233271301769884,0.04421696819311993,0.017098691076057992,0.7591600607183594,0.01338878950947758,0.04740786340583011,0.035990156461697675,75.91600607183594,66.66175626885669,30.366544592085987
20,5,50,70,14.851668688040643,2.373300991349703,0.030250934538598676,2.5105726561368273,93.60969736597359,2.480873986394919,2.505738492143814,2.522079915984876,0.04120592958995717,0.016341423841061964,0.7610931343758272,0.01251512486405534,0.04432799077925522,0.03373772944276612,76.10931343758271,66.66175626885669,30.366544592085987
20,5,60,80,14.851668241343415,2.373308138505375,0.03025231762063014,2.5105732889904493,93.60974174386158,2.4823449743330404,2.5053111787944826,2.5210567830708595,0.0387118087378191,0.015745604276376834,0.7576991969485865,0.011710924635333957,0.041791484656347674,0.0316653743634038,75.76991969485864,66.66175626885669,30.366544592085987
20,5,70,90,14.851668311608263,2.37330701426779,0.030253540321284984,2.510573254579215,93.60973962061097,2.483286742524125,2.50516292505274,2.5202764755956655,0.03698973307154052,0.015113550542925402,0.745704919694418,0.011015699293496167,0.03995822521981399,0.02979704512867286,74.5704919694418,66.66175626885669,30.366544592085987
20,5.5,20,40,14.851668698000664,2.3733008319893942,0.030253416272442178,2.5143235424800374,93.88961892579425,2.4757373507583416,2.506000261569895,2.5268627441789504,0.051125393420608845,0.020862482609055544,0.6199200572388828,0.012706373222592457,0.05521819476427294,0.03423086645889586,61.992005723888276,73.32793189574235,25.816912086614362
20,5.5,30,50,14.851669469035405,2.3732884954335205,0.030251934736107162,2.5143227607987324,93.88956542121471,2.477434752867437,2.505708152323995,2.5254884505195934,0.04805369765215639,0.019780298195598345,0.6133688130758312,0.01181987307790824,0.05196554680508666,0.03187404576467256,61.33688130758313,73.32793189574235,25.816912086614362
20,5.5,40,60,14.851669292855416,2.3732913143133363,0.030253506341593444,2.5143234725469483,93.88961746349162,2.4792000409875103,2.505356514121394,2.524104604068545,0.04490456308103452,0.018748089947151048,0.6055592325997037,0.010907896128877981,0.048661182293128415,0.02946722820682113,60.55592325997037,73.32793189574235,25.816912086614362
20,5.5,50,70,14.851669555524035,2.3732871116154395,0.030251080934386537,2.514323312671493,93.88960718392939,2.4808715944339053,2.5050213136150297,2.5227946530006378,0.04192305856673251,0.0177733393856081,0.5939759395813528,0.009991958737284578,0.04553498031739656,0.027046682717844026,59.397593958135275,73.32793189574235,25.816912086614362
20,5.5,60,80,14.851668640301574,2.3733017551748183,0.030252503458344345,2.5143238018130902,93.88963792900972,2.4822281915629882,2.5048465338568477,2.5216334136919896,0.03940522212900133,0.01678687983514182,0.5756232476443065,0.009103860118698069,0.04283189075485026,0.024655032059053054,57.56232476443065,73.32793189574235,25.816912086614362
20,5.5,70,90,14.85166883187269,2.3732986900369735,0.030253724759000084,2.51432418692311,93.88966790157397,2.4830397356500877,2.5050201079812795,2.5206618168268196,0.037622081176731825,0.01564170884554006,0.5484935479415053,0.00828217012442105,0.04074412899642407,0.022347891871035003,54.84935479415053,73.32793189574235,25.816912086614362
20,6,20,40,14.851668641940577,2.3733017289507585,0.030254394351935446,2.5169395782663266,94.0850957049536,2.475671802342357,2.50531595360141,2.5276053961010763,0.05193359375871909,0.022289442499666468,0.4994018098318392,0.010499258811793742,0.05651475389348877,0.02822357037660927,49.94018098318392,79.99410752262803,22.27128239005839
20,6,30,50,14.851668843301287,2.373298507179401,0.030252595616274098,2.5169386684485895,94.0850289612385,2.4771992480971288,2.505044821001872,2.5263773131695886,0.04917806507245981,0.021332492167716488,0.48844445717648594,0.009728076636856263,0.05360557159807902,0.026183344320858958,48.8444457176486,79.99410752262803,22.27128239005839
20,6,40,60,14.851669854148343,2.373282333626511,0.030250180141931114,2.5169385540653013,94.08502681347045,2.4787889406270853,2.504782580603949,2.5250778509363054,0.04628891030922011,0.020295270332356452,0.4744755834464001,0.00889744200190824,0.050542667277048724,0.023981261545214967,47.447558344640015,79.99410752262803,22.27128239005839
20,6,50,70,14.851669117454827,2.3732941207227545,0.0302516639963578,2.516938601783765,94.0850257140349,2.480265169217973,2.5046221837606173,2.523786959734611,0.04352179051663807,0.01916477597399391,0.4546864893780473,0.008018527114050312,0.047554546448341846,0.021622409778561842,45.46864893780473,79.99410752262803,22.27128239005839
20,6,60,80,14.85166892816907,2.3732971492948716,0.030252802048637544,2.516939623501027,94.08510090002116,2.481424016172482,2.5046952854372435,2.5225749436498184,0.041150927477336285,0.017879658212574867,0.4261050319698119,0.007106468279437339,0.044867371329770214,0.01911821269487316,42.61050319698119,79.99410752262803,22.27128239005839
20,6,70,90,14.85166911302486,2.3732941916022288,0.030250195234381962,2.516938656128404,94.08502974885675,2.4820604333439165,2.505157827204071,2.5214893709621076,0.03942893761819111,0.01633154375803647,0.38651467401630824,0.006177422778383942,0.04267739967734521,0.016495441224152783,38.651467401630825,79.99410752262803,22.27128239005839
30,1,20,50,14.851668843048875,2.3732985112180005,0.030253124918866933,2.470402292232561,90.63806392055636,2.468183912698375,2.514653484786692,2.525655187613942,0.05747127491556725,0.011001702827249993,0.3819351448194577,0.008665377616783413,0.05851482637349127,0.02234886868504481,38.19351448194577,13.332351253771314,78.48030534771682
30,1,30,60,14.851669321721788,2.3732908524513836,0.030253845030938177,2.47040277747732,90.638102448717,2.4685807359319405,2.5143240643981697,2.5255953293098656,0.05701459337792514,0.011271264911695944,0.345767700566927,0.007780470901216768,0.058118028792791765,0.020095337177166064,34.5767700566927,13.332351253771314,78.48030534771682
30,1,40,70,14.851669913418583,2.373281385302672,0.030253120015545084,2.470402341997512,90.63807410461455,2.468964396898043,2.513321067125316,2.5262185572096225,0.05725416031157948,0.012897490084306629,0.3042049385414707,0.006875754313410119,0.05868887563634893,0.017853445806023542,30.420493854147068,13.332351253771314,78.48030534771682
30,1,50,80,14.851668680049466,2.373301119208562,0.030251695980835706,2.4704021846235493,90.63805502952708,2.469319606866176,2.511961813060627,2.52722311359023,0.057903506724053866,0.015261300529602728,0.26122555605132536,0.0059764697169394304,0.05988091001978347,0.015642424016777318,26.122555605132536,13.332351253771314,78.48030534771682
30,1,60,90,14.851669153446547,2.3732935448552297,0.030253062403786307,2.470402386662267,90.6380727440544,2.4696280481097657,2.5105376262087997,2.528336629369742,0.058708581259976356,0.017799003160942295,0.22023897648443266,0.005116827545485062,0.061347388103182354,0.013511085965838143,22.023897648443267,13.332351253771314,78.48030534771682
30,1,70,100,14.85166867854641,2.3733011432574296,0.03025085381192258,2.4704013820707376,90.63799612968882,2.4698679994521675,2.50923585957887,2.529394334983094,0.059526335530926566,0.020158475404223886,0.1843318098593961,0.004351812277699503,0.06284702659922066,0.011584706157315952,18.43318098593961,13.332351253771314,78.48030534771682
30,1.5,20,50,14.851669215173715,2.373292557220574,0.030253232746828927,2.473502402868911,90.86569255029792,2.46905435727385,2.513756588792801,2.525697233371296,0.056642876097446226,0.011940644578495085,0.5348768429915483,0.011973163365431635,0.05788777423204825,0.030962829929045466,53.48768429915482,19.998526880656986,72.77185858242729
30,1.5,30,60,14.851670076909567,2.3732787694469315,0.030250169086142337,2.4735017619504367,90.86565073348574,2.4696758049910104,2.5136119398063377,2.525233643960804,0.055557838969793494,0.011621704154466173,0.5039610474299513,0.011067278308737391,0.05676035128897143,0.028605006088082027,50.39610474299513,19.998526880656986,72.77185858242729
30,1.5,40,70,14.851669033122313,2.3732954700429922,0.030249642092184382,2.4735012821918634,90.8656090989121,2.4702762251975168,2.5127991193888617,2.5254552872231235,0.05517906202560674,0.012656167834261822,0.46603852487210357,0.010171894220702167,0.056611902196223356,0.02638332738973173,46.603852487210354,19.998526880656986,72.77185858242729
30,1.5,50,80,14.851668279131168,2.373307533901301,0.03025166193263893,2.4735023554461035,90.86568333917513,2.4708293502682768,2.511556264829667,2.5261503356780777,0.055320985409800905,0.014594070848410468,0.42540707960674895,0.009319806180605024,0.05721362014974955,0.024339079061634804,42.540707960674894,19.998526880656986,72.77185858242729
30,1.5,60,90,14.851668638396694,2.3733017856528997,0.030253008632029753,2.473502611173835,90.86570432588184,2.4713027613975984,2.5101771225656684,2.527057853131581,0.05575509173398263,0.01688073056591266,0.3866510847027162,0.008549648062287321,0.058254521873445646,0.022524174071205865,38.66510847027162,19.998526880656986,72.77185858242729
30,1.5,70,100,14.85166876660609,2.373299734302542,0.030254316681923285,2.4735029629402763,90.86573095502808,2.4716628929582938,2.5088893298600268,2.527984302807046,0.056321409848752335,0.01909497294701934,0.35366954855287075,0.00791074729411204,0.0594703220034879,0.02103284193526742,35.36695485528708,19.998526880656986,72.77185858242729
30,2,20,50,14.851668909797223,2.373297443244438,0.030253937807797976,2.477600114626736,91.16700417745191,2.470035009214896,2.512680935888063,2.5258086592016684,0.055773649986772256,0.013127723313605344,0.6755816984476165,0.014899952579388195,0.05729779360713253,0.03870934072240758,67.55816984476165,26.664702507542657,67.12978886244483
30,2,30,60,14.85166919171784,2.373292932514571,0.030250683437517484,2.477599159312998,91.16693560363711,2.470890443360835,2.512676395955528,2.5249764394691954,0.0540859961083604,0.012300043513667536,0.6541621242998202,0.013995588657821191,0.055466981578878895,0.036284398498138415,65.41621242998202,26.664702507542657,67.12978886244483
30,2,40,70,14.851668924229681,2.3732972123250957,0.03025315601515538,2.4776001260126224,91.16700510396707,2.4717223624596882,2.512063055263001,2.5247724032433605,0.05305004078367226,0.012709347980359276,0.6245810456644362,0.01311678600336444,0.05455120854055529,0.03407165087251875,62.458104566443616,26.664702507542657,67.12978886244483
30,2,50,80,14.851668336828867,2.3733066107381355,0.030251668084272494,2.4775993505112752,91.16694442675129,2.47248921603013,2.510968602210158,2.5251102602467217,0.05262104421659153,0.014141658036563864,0.5895245919506408,0.012294293783879385,0.0544881710692109,0.03212211681571327,58.95245919506408,26.664702507542657,67.12978886244483
30,2,60,90,14.851668584858139,2.3733026422697634,0.030253084139566757,2.4776004016851108,91.1670233082984,2.4731439584260646,2.5096707216110685,2.5257592471095958,0.05261528868353116,0.01608852549852724,0.5540071764348253,0.011567043481188683,0.05502008047947661,0.030481519433651686,55.40071764348254,26.664702507542657,67.12978886244483
30,2,70,100,14.851669597998823,2.3732864320188347,0.03025412052657511,2.477600660452554,91.16704857094105,2.4736334042714767,2.5084243726901656,2.5265179400114754,0.05288453573999874,0.018093567321309845,0.5223967163434357,0.010974839752178452,0.05589410790813264,0.029198898434154148,52.239671634343566,26.664702507542657,67.12978886244483
30,2.5,20,50,14.851669005183279,2.373295917067543,0.030251270481686413,2.48246992659683,91.52574101276613,2.4710870367887323,2.5114493108237577,2.526004666573317,0.05491762978458459,0.01455535574955924,0.7889291205341931,0.017143888579156316,0.05681376982873887,0.044822037465219025,78.89291205341931,33.330878134428325,61.58478862451519
30,2.5,30,60,14.85167006880258,2.3732788991587284,0.030250901555628585,2.4824702734711344,91.52577314518433,2.4721758620688905,2.5115178389255557,2.5248709100341395,0.05269504796524904,0.013353071108583858,0.7787319343821164,0.01624326829618221,0.05436057935757119,0.04233231911725396,77.87319343821164,33.330878134428325,61.58478862451519
30,2.5,40,70,14.851668432992316,2.373305072122944,0.030253557789050495,2.4824702086513035,91.52575828458207,2.4732453825438276,2.511072812476274,2.524265925387998,0.05102054284417035,0.013193112911724203,0.7605757073919567,0.015371779541947633,0.052698709855321185,0.04008135852685439,76.05757073919567,33.330878134428325,61.58478862451519
30,2.5,50,80,14.851668997169053,2.373296045295148,0.03025531908099941,2.4824705938894356,91.52579016796793,2.4742379625325412,2.5101559265260907,2.5242051038169624,0.049967141284421146,0.01404917729087174,0.7349685272470711,0.014562735351686151,0.05190466829378308,0.038148297613129496,73.49685272470711,33.330878134428325,61.58478862451519
30,2.5,60,90,14.851669677366623,2.373285162134036,0.03025302871448237,2.482469761852525,91.52573300734454,2.4750838016265164,2.508979361385782,2.524545669798401,0.04946186817188458,0.01556630841261919,0.7054030248489614,0.013851482849569795,0.051853508662863576,0.03657762185981579,70.54030248489615,33.330878134428325,61.58478862451519
30,2.5,70,100,14.851668805168487,2.373299117304226,0.030254370939149195,2.4824701931707054,91.52575943667372,2.4757093968160673,2.507813627385017,2.5250904481976457,0.049381051381578445,0.017276820812628824,0.6764694887133291,0.01327426813847086,0.052316123451014364,0.03539026128237109,67.64694887133291,33.330878134428325,61.58478862451519
30,3,20,50,14.851669534499864,2.3732874480021735,0.030252596313508053,2.4878464695772173,91.92262721792578,2.4721615381955555,2.51010644279976,2.526288022802629,0.0541264846070737,0.01618158000286929,0.8653405772317727,0.018548766653296852,0.056493538279249654,0.04888615102443114,86.53405772317727,39.997053761314014,56.17650787932624
30,3,30,60,14.851669613538567,2.373286183382941,0.030251742731301136,2.4878461519373163,91.92260423438165,2.473473874074977,2.5101797112630044,2.5249303445183067,0.05145647044332957,0.014750633255302237,0.8657162661655118,0.01764765195591943,0.053528959750005205,0.04634089116649847,86.57162661655119,39.997053761314014,56.17650787932624
30,3,40,70,14.851669729761984,2.3732843238082593,0.030250265460902596,2.4878461838115364,91.92260730915241,2.474777964093531,2.509841694914843,2.5239883617147254,0.04921039762119461,0.01414666679988219,0.860012332349034,0.016777719285269364,0.05120343167779837,0.04403558270149778,86.0012332349034,39.997053761314014,56.17650787932624
30,3,50,80,14.851668849863032,2.3732984021915073,0.030251983494788217,2.4878464270151026,91.922619835221,2.4759966973526684,2.5090917386964784,2.5235386003655274,0.04754190301285899,0.01444686166904896,0.8465106955740402,0.015969574737790638,0.04968847305128953,0.04206182388465905,84.65106955740403,39.997053761314014,56.17650787932624
30,3,60,90,14.851669988469398,2.3732801844896314,0.03024958158677296,2.4878455964249717,91.92256550409041,2.477037369109476,2.508073502036496,2.523529631153713,0.046492262044237176,0.015456129117217277,0.8261957232931524,0.015258021189577465,0.048994105331948944,0.04047872029183045,82.61957232931523,39.997053761314014,56.17650787932624
30,3,70,100,14.851669188030332,2.373292991514685,0.030250928877357357,2.4878465811266026,91.92263331669778,2.4777983072426344,2.507037954473751,2.523811546366535,0.04601323912390054,0.016773591892783823,0.8023508152696462,0.014677457143329643,0.04897521372754707,0.03929530266230256,80.23508152696462,39.997053761314014,56.17650787932624
30,3.5,20,50,14.851668526400681,2.3733035775891063,0.030250859268941704,2.4934366976437183,92.3361880992357,2.4732057534414165,2.5087048440506066,2.5266581702771194,0.0534524168357029,0.0179533262265128,0.8986913322411277,0.019045313305413678,0.05638690262971826,0.05067442064525225,89.86913322411277,46.66322938819966,50.95811083543826
30,3.5,30,60,14.851669135557099,2.3732938310864085,0.030249460210121086,2.4934358203911313,92.33612691420687,2.474717492849513,2.508727959248211,2.525154617922705,0.05043712507319231,0.01642665867449411,0.9069187809631676,0.01814133028388241,0.05304468588706297,0.04810722186126929,90.69187809631676,46.66322938819966,50.95811083543826
30,3.5,40,70,14.851669618035466,2.373286111432554,0.030250952719044842,2.493436478319652,92.33617864229197,2.476236814287518,2.508442030353536,2.523948958622683,0.04771214433516491,0.01550692826914668,0.9118766952391391,0.017265648340921494,0.0501688503097696,0.04574780542441976,91.18766952391391,46.66322938819966,50.95811083543826
30,3.5,50,80,14.85166862404381,2.3733020152990427,0.03025245923624078,2.493436720527869,92.33619040118293,2.477669859759513,2.507826647946492,2.5231538994517826,0.04548403969226955,0.015327251505290462,0.9104649806905721,0.016447799756125283,0.04799710934456762,0.04369968723260504,91.04649806905721,46.66322938819966,50.95811083543826
30,3.5,60,90,14.851669122441258,2.3732940409398733,0.030250147594458956,2.4934358314719445,92.3361276533451,2.478896026054943,2.506981424499583,2.5227895563643363,0.04389353030939347,0.01580813186475316,0.9009912677245179,0.01572195606662779,0.04665339254625613,0.04203429929390089,90.09912677245178,46.66322938819966,50.95811083543826
30,3.5,70,100,14.851669606256841,2.373286299890527,0.030251025969713543,2.4934362402375125,92.33616093589224,2.4797787365892447,2.5061260477860414,2.522771886523353,0.0429931499341083,0.016645838737311625,0.8841378757163938,0.01512266850483964,0.04610308979369279,0.040761487874157704,88.41378757163938,46.66322938819966,50.95811083543826
30,4,20,50,14.851669446362832,2.373288858194689,0.0302524410373603,2.4989391670412657,92.74417505113531,2.474154251645673,2.507312745205483,2.5271113663744087,0.052957114728735544,0.019798621168925834,0.8865260281764964,0.018643726606510102,0.056537079873151375,0.050121592864642225,88.65260281764964,53.32940501508535,46.002769175917834
30,4,30,60,14.851669616383756,2.373286137859896,0.030254012710140915,2.498940137144109,92.74424812054484,2.475822073261057,2.5072573719123605,2.525532322270407,0.04971024900934973,0.018274950358046382,0.898282300229197,0.01773754582796745,0.0529630311364504,0.047575753436361244,89.8282300229197,53.32940501508535,46.002769175917834
30,4,40,70,14.851669901691828,2.3732815729307424,0.030251835663269264,2.498938752834796,92.74414714929243,2.477523864636747,2.5069759436516827,2.524142514575194,0.04661864993844711,0.01716657092351115,0.90937530655395,0.01684861618658868,0.049678865520011765,0.04517673356151316,90.93753065539501,53.32940501508535,46.002769175917834
30,4,50,80,14.851669691933623,2.3732849290620495,0.030252835368478226,2.4989395444761597,92.74420460045138,2.479138483591533,2.506458674022454,2.523070633867069,0.04393215027553632,0.016611959844615054,0.9163649107206938,0.016011265963822584,0.046967978854868864,0.04303980775007334,91.63649107206938,53.32940501508535,46.002769175917834
30,4,60,90,14.851669066397998,2.373294937632031,0.030250511558780325,2.4989386327889376,92.74413302251486,2.480518622057795,2.505788826575256,2.5223794765775565,0.041860854519761403,0.01659065000230031,0.915711109336275,0.015257434658125924,0.045028666520600585,0.041233250171512345,91.5711109336275,53.32940501508535,46.002769175917834
30,4,70,100,14.85166936386457,2.3732901781668945,0.030251495009130512,2.498939295062411,92.74418403856352,2.481490074072013,2.5051590741362912,2.522049411928938,0.040559337856925115,0.016890337792646815,0.90523171998106,0.014622902701332477,0.04393567341172673,0.03977196521102352,90.523171998106,53.32940501508535,46.002769175917834
30,4.5,20,50,14.851669111095344,2.3732942224745015,0.030250782123259223,2.5040585551773478,93.12455817192614,2.4749432989511253,2.5060020927786852,2.527638708306442,0.05269540935531669,0.021636615527756753,0.8313893369561361,0.017440994372076708,0.05696445644979299,0.04735964167786009,83.13893369561362,59.99558064197102,41.412515368651995
30,4.5,30,60,14.85166864212775,2.373301725955995,0.03025544457734904,2.5040599508139394,93.12465903729192,2.476706067151414,2.50586561531463,2.5260467888977765,0.049340721746362615,0.020181173583146528,0.8415376276858672,0.016533444750121567,0.05330841012115323,0.04486103298906056,84.15376276858672,59.99558064197102,41.412515368651995
30,4.5,40,70,14.851669014403747,2.373295769540039,0.030249285894174076,2.5040586778067975,93.12456668668344,2.478529388889985,2.5055713519165974,2.524550003010383,0.04602061412039804,0.018978651093785714,0.8525977338466549,0.015629955743892053,0.04978037887921538,0.04244263822244692,85.2597733846655,59.99558064197102,41.412515368651995
30,4.5,50,80,14.851668571773843,2.3733028516185115,0.030253776354328434,2.504059585400244,93.12463141707042,2.480261533076493,2.5051412777929727,2.5232752332908217,0.04301370021432849,0.01813395549784902,0.8611223812795812,0.01476304241665008,0.04667996088393917,0.0401971590744154,86.11223812795812,59.99558064197102,41.412515368651995
30,4.5,60,90,14.851669246031811,2.3732920634910255,0.030251084572081807,2.504059061945377,93.12459671087134,2.481732473806004,2.504656569777219,2.522310023678195,0.0405775498721912,0.017653453900976057,0.8630013824376405,0.013965783904031739,0.04425135012927911,0.03818897633629993,86.30013824376405,59.99558064197102,41.412515368651995
30,4.5,70,100,14.851669858630935,2.3732822619050498,0.03025190677192691,2.504059260128829,93.12461529272994,2.4827290045020645,2.504302145732543,2.521681134742415,0.0389521302403506,0.017378989009872114,0.8541727922167696,0.01327508804871059,0.04265322624686779,0.03643322536034067,85.41727922167695,59.99558064197102,41.412515368651995
30,5,20,50,14.851668844139816,2.373298493762931,0.030252529908054934,2.508523607617466,93.4569582660977,2.475498243002206,2.504849911339951,2.5282372466357783,0.05273900363357242,0.02338733529582715,0.7420606792482463,0.015641985489030463,0.05769202680181558,0.042810984595763296,74.20606792482462,66.66175626885669,37.328771925287924
30,5,30,60,14.851668665253358,2.3733013559462774,0.0302495362128223,2.508522704280167,93.45688983139485,2.4772863334503996,2.5046544740019905,2.5266790026122043,0.049392669161804736,0.022024528610213867,0.7465959676744272,0.014741549248473753,0.05408064004271424,0.04037638778514261,74.65959676744272,66.66175626885669,37.328771925287924
30,5,40,70,14.851669155421742,2.3732935132521353,0.030250129034618163,2.508522859237321,93.45690446196075,2.479134461541415,2.5043733863452298,2.525144517253529,0.04601005571211392,0.020771130908299185,0.7515954271054982,0.013827905356045942,0.05048133423198647,0.037941539962945275,75.15954271054981,66.66175626885669,37.328771925287924
30,5,50,80,14.851669191274548,2.3732929396072406,0.030254493797634258,2.5085239677353246,93.45698728344215,2.4808906056040434,2.5040478959835335,2.523742054400343,0.04285144879629943,0.019694158416809326,0.7541462001341417,0.012927277873659559,0.047160434048980654,0.035565862134715555,75.41462001341417,66.66175626885669,37.328771925287924
30,5,60,90,14.851669542179458,2.3732873251286777,0.03025162549522308,2.5085234238868535,93.45694896859722,2.482353876037595,2.5037823159299744,2.522566505657387,0.04021262961979177,0.01878418972741258,0.7501042206438367,0.012071005694337967,0.0443835708866917,0.03329230384935236,75.01042206438368,66.66175626885669,37.328771925287924
30,5,70,100,14.851668903837666,2.3732975385973325,0.030252800019609075,2.5085231709516798,93.4569261051274,2.4832875095590072,2.503754091021202,2.5216753926690068,0.03838788310999952,0.01792130164780481,0.7352204174620296,0.011297242443799602,0.042365110910023575,0.031147694529092718,73.52204174620296,66.66175626885669,37.328771925287924
30,5.5,20,50,14.851669902009716,2.37328156784453,0.030253981690648066,2.5120959191765193,93.7233328479632,2.4757635315520505,2.5039249018814274,2.528893643003802,0.05313011145175128,0.02496874112237446,0.6363288060942845,0.013599653523154513,0.058704742364749936,0.037355518621033895,63.632880609428454,73.32793189574234,33.94029433311586
30,5.5,30,60,14.851669827094652,2.373282766485586,0.03025063848815464,2.5120950277938205,93.72326586234226,2.47747570891795,2.5037178538555653,2.5274215095858343,0.04994580066788412,0.023703655730269002,0.6341043893903908,0.012742699440507228,0.055285136332789565,0.035056547616668036,63.41043893903908,73.32793189574234,33.94029433311586
30,5.5,40,70,14.851668564042118,2.373302975326107,0.030251419589235967,2.512094955759284,93.72325251665131,2.4792476192975705,2.5034940924628595,2.525905126772949,0.046657507475378335,0.022411034310089395,0.6308257334212382,0.011845026877287185,0.051760771465106555,0.032652026621924936,63.082573342123816,73.32793189574234,33.94029433311586
30,5.5,50,80,14.851669337360867,2.37329060222612,0.030251736010155496,2.512095156658799,93.7232723874146,2.480912618885908,2.5033207454275956,2.5244417303886486,0.04352911150274075,0.02112098496105297,0.6235524131436478,0.010926277982059505,0.048382636905640666,0.030169109996765153,62.35524131436478,73.32793189574234,33.94029433311586
30,5.5,60,90,14.851669094345326,2.3732944904747857,0.030252542975636357,2.512095872547754,93.72332427176727,2.4822531038145277,2.5033188747123614,2.523125519310374,0.040872415495846415,0.019806644598012735,0.6083859773550543,0.010012455646351249,0.045418691292210225,0.02763209489199881,60.83859773550543,73.32793189574234,33.94029433311586
30,5.5,70,100,14.851669040528769,2.3732953515396957,0.030253366138627037,2.5120958684539945,93.72332362668446,2.4830404262675048,2.5036459112757123,2.5220260319217087,0.03898560565420395,0.018380120645996367,0.5818437501873234,0.00913487025616772,0.043101116959847814,0.0250781155291803,58.18437501873234,73.32793189574234,33.94029433311586
30,6,20,50,14.851669021109615,2.3732956622461656,0.030252235183736473,2.5145865419162905,93.90926379355986,2.4757073891859984,2.5032747326882117,2.5295921793267055,0.05388479014070713,0.02631744663849389,0.5436022171196451,0.011887635191909388,0.05996814659532194,0.0325988174457729,54.360221711964506,79.99410752262803,31.476646506599007
30,6,30,60,14.851669558712079,2.37328706060673,0.03025206361132801,2.514587561402941,93.90934334002011,2.477243986411929,2.5031063965568823,2.528254136377327,0.0510101499653981,0.025147739820444936,0.5391022372406953,0.011162184622274262,0.05687217436997812,0.030659916439598135,53.910223724069525,79.99410752262803,31.476646506599007
30,6,40,70,14.851668903374858,2.3732975460022745,0.03025229011734019,2.514587295812498,93.90931935883849,2.4788343940575017,2.5029915348796306,2.5268085942799834,0.04797420022248167,0.023817059400352836,0.5323226818014717,0.010366310883272693,0.05356095784680009,0.0285117127208642,53.232268180147166,79.99410752262803,31.476646506599007
30,6,50,80,14.851668632940282,2.3733018729554978,0.030252712301546622,2.5145870456228625,93.90929896176837,2.4803001034926986,2.5030150424305324,2.5253465215241593,0.0450464180314607,0.02233147909362687,0.5202569305621974,0.009512783727160858,0.05027797466062254,0.02615746477181942,52.02569305621974,79.99410752262803,31.476646506599007
30,6,60,90,14.851668454174131,2.373304733213886,0.03025335708710472,2.5145871913578404,93.90930871658634,2.481431130372849,2.503296822564727,2.5239557146753255,0.04252458430247641,0.020658892110598348,0.49917113701203114,0.008615876116631723,0.047277162492431433,0.02359939495604955,49.917113701203114,79.99410752262803,31.476646506599007
30,6,70,100,14.851669616595098,2.37328613447842,0.030250361271171953,2.514586407233365,93.90925749921595,2.4820297714431687,2.5039592620448365,2.5227097981966105,0.040680026753441734,0.01875053615177391,0.4658151411373088,0.007691405390434035,0.04479338324618621,0.020865436138839795,46.58151411373088,79.99410752262803,31.476646506599007
40,1,20,60,14.851669130228679,2.3732939163411455,0.030252048878085885,2.4702412649631227,90.62625000689049,2.4681828000265438,2.513902088543705,2.5264041733570037,0.05822137333045996,0.01250208481329862,0.36728374354655147,0.008449905415324156,0.059548555290315025,0.021871216309815703,36.728374354655145,13.332351253771314,79.82535260581778
40,1,30,70,14.851668668740837,2.373301300146604,0.030254659379312716,2.470241280460626,90.62624832796944,2.468557939227717,2.51428132690058,2.5256600894634116,0.05710215023569454,0.011378762562831657,0.3360363582581709,0.007578973065934889,0.05822483833383421,0.019565662633872397,33.60363582581709,13.332351253771314,79.82535260581778
40,1,40,80,14.851669259428467,2.373291849144528,0.030251288126490347,2.4702409428900083,90.62622716335548,2.468918182282086,2.5139097168173743,2.525677995247151,0.05675981296506505,0.011768278429776569,0.2979847239262992,0.006680300548292831,0.05796696253065112,0.017273269326542204,29.79847239262992,13.332351253771314,79.82535260581778
40,1,50,90,14.851669525561217,2.373287591020536,0.030250231126886205,2.4702405879917952,90.62620274687845,2.469250816542123,2.5129038671591375,2.526353727961538,0.05710291141941504,0.013449860802400515,0.2558812340486829,0.005774101161986353,0.05866550305057913,0.015011401316668959,25.58812340486829,13.332351253771314,79.82535260581778
40,1,60,100,14.851669224761942,2.3732924038089327,0.030252141685640457,2.470240931217558,90.62622609535815,2.469541433093675,2.511573732885812,2.527392082032794,0.057850648939119065,0.015818349146982325,0.21365300728754993,0.00489004536686879,0.059974309103257156,0.012813691499903973,21.365300728754992,13.332351253771314,79.82535260581778
40,1,70,110,14.851668970960512,2.3732964646318124,0.030253733584548675,2.470241131269909,90.62623922536093,2.469772767835446,2.5101898963843854,2.528540501977246,0.05876773414179981,0.018350605592860614,0.17492624399278628,0.0040745985576557935,0.06156615386546402,0.010769536052767582,17.49262439927863,13.332351253771314,79.82535260581778
40,1.5,20,60,14.851669897876812,2.3732816339710046,0.030250750404330885,2.4731483126232323,90.83968312490211,2.46904604515562,2.5127361077787893,2.52672066798202,0.05767462282639979,0.01398456020323069,0.5059110455623437,0.011535588576697483,0.05934585109546631,0.030023721577494517,50.59110455623437,19.998526880656968,74.81217442620854
40,1.5,30,70,14.851668683878216,2.3733010579485336,0.030252278235390114,2.4731486238775773,90.83969856450688,2.46964316564344,2.5131639217642725,2.5257113737403896,0.05606820809694968,0.012547451976117063,0.47971685326759334,0.010633542872362576,0.05745504773556296,0.027562154704043627,47.971685326759335,19.998526880656968,74.81217442620854
40,1.5,40,80,14.851669451024327,2.3732887836107794,0.030251888596599663,2.473148506086237,90.83969460368598,2.4702160604465004,2.512959734195606,2.5253543046558993,0.055138244209398835,0.012394570460293242,0.44618500286969837,0.009730344718601184,0.05651416947448205,0.02521577486915039,44.618500286969834,19.998526880656968,74.81217442620854
40,1.5,50,90,14.851669456766293,2.373288691739312,0.03025066833863159,2.4731482212110234,90.83967371165566,2.470741012509921,2.5121290278154977,2.525667267461822,0.054926254951900955,0.013538239646324168,0.4073346358854816,0.00885674045871477,0.05657011062179858,0.023042965412131737,40.733463588548155,19.998526880656968,74.81217442620854
40,1.5,60,100,14.85166893873037,2.373296980314084,0.030252520104139487,2.4731486595308327,90.83970274241652,2.471192114797402,2.510915510359792,2.526432476867907,0.05524036207050509,0.015516966508115182,0.3677327567093312,0.008051111894800393,0.05737833956550561,0.021099894983827465,36.77327567093312,19.998526880656968,74.81217442620854
40,1.5,70,110,14.851668865676116,2.373298149182161,0.03025027332872328,2.473147728701048,90.83963391612303,2.4715386560380073,2.5095949461173364,2.527405461009518,0.05586680497151075,0.01781051489218166,0.33210087800612126,0.007362380497560329,0.0586371412881754,0.019473446105572032,33.21008780061213,19.998526880656968,74.81217442620854
40,2,20,60,14.851669135867493,2.3732938261201273,0.03025050050539986,2.4769913857176387,91.12221288534234,2.470021629027444,2.511433534595479,2.527062172630303,0.05704054360285893,0.01562863803482406,0.6335800328064369,0.014293479467528132,0.05914286044260287,0.03747173545949085,63.35800328064369,26.664702507542643,69.89286416166247
40,2,30,70,14.851668633873535,2.373301858023426,0.030254101015405897,2.4769916181003264,91.12222690290153,2.470850466388406,2.5118589177648465,2.52582871892156,0.05497825253315369,0.013969801156713313,0.6156218208163806,0.013388002625141783,0.056725334692334164,0.03492135382971336,61.56218208163806,26.664702507542643,69.89286416166247
40,2,40,80,14.851669088349102,2.3732945864143784,0.030249576306143663,2.476991206825437,91.12219943181627,2.4716512646093913,2.511768749589938,2.525134926006463,0.053483661397071725,0.013366176416524933,0.5903691035987374,0.012496287909779474,0.05512854712791085,0.03254619095060548,59.03691035987374,26.664702507542643,69.89286416166247
40,2,50,90,14.851668912664682,2.373297397365103,0.030255051943061207,2.476992176191454,91.12226967493515,2.472386542169733,2.5111199081764553,2.5250602979866317,0.052673755816898815,0.013940389810176423,0.5583429823877855,0.011649499212710574,0.0544872372204533,0.030422566531738648,55.834298238778544,26.664702507542643,69.89286416166247
40,2,60,100,14.851669494379667,2.3732880899253366,0.03025281795706676,2.4769914690333854,91.12222121493795,2.4730134598231506,2.510048763466381,2.5255114145332764,0.05249795471012586,0.015462651066895372,0.5229036478811148,0.010885298803656716,0.05472777016070531,0.02861735065743203,52.290364788111475,26.664702507542643,69.89286416166247
40,2,70,110,14.851669135411774,2.373293833411609,0.03025417631715832,2.4769917841176645,91.1222421947959,2.4734885414985994,2.5088285661069376,2.5262584411275846,0.05276989962898515,0.017429875020646968,0.48917204883993987,0.010245645187976105,0.05557394038655654,0.027185218281000543,48.91720488399399,26.664702507542643,69.89286416166247
40,2.5,20,60,14.851669158977392,2.3732934563617167,0.030250430755072652,2.4815596284788772,91.45863102863225,2.4710711842335695,2.510022617411059,2.5274378244687554,0.056366640235185894,0.017415207057696502,0.7366873894617698,0.016433309020786574,0.058995657198350794,0.043461356691034514,73.66873894617699,33.330878134428325,65.10726029298539
40,2.5,30,70,14.851668422299875,2.3733052432019996,0.030252525351133888,2.481559902412921,91.45864668391461,2.4721339623092553,2.5103919695590706,2.526031237321712,0.05389727501245689,0.015639267762641573,0.7278864258214978,0.015528670183526683,0.056120432552859124,0.04084930106645706,72.78864258214978,33.330878134428325,65.10726029298539
40,2.5,40,80,14.85167024990099,2.373276001584173,0.030250534648961193,2.4815593120138075,91.45861441985849,2.4731709974570726,2.51036348588952,2.5250443396352202,0.05187334217814765,0.014680853745700162,0.7127710473883345,0.014642850948262995,0.05391076975367567,0.03842603582283875,71.27710473883346,33.330878134428325,65.10726029298539
40,2.5,50,90,14.851669077704381,2.3732947567299028,0.03025228537627506,2.4815596640437247,91.45863314964825,2.474127826625617,2.5098563028602463,2.5246110844897696,0.05048325786415253,0.014754781629523261,0.6900946348113438,0.01380832818283201,0.052595274554977235,0.03629571678681938,69.00946348113438,33.330878134428325,65.10726029298539
40,2.5,60,100,14.851669026736824,2.3732955722108335,0.030253561832794245,2.4815599520767617,91.4586540668738,2.4749439440562684,2.508949829685084,2.5247121299719852,0.049768185915716856,0.015762300286901176,0.6614393556654211,0.013059978368723553,0.052204620865166744,0.03453019078781349,66.14393556654211,33.330878134428325,65.10726029298539
40,2.5,70,110,14.851670090860253,2.3732785462359463,0.030250839355007123,2.481559316237055,91.45861375176202,2.475551820842279,2.5078614804420916,2.5251975059460547,0.04964568510377587,0.01733602550396318,0.6309023857249232,0.012436645649911385,0.05258547165993033,0.03317629952472038,63.09023857249232,33.330878134428325,65.10726029298539
40,3,20,60,14.851668720089993,2.37330047856011,0.03025397506662506,2.4866039245888634,91.83082433356549,2.47214723473716,2.5085427073855464,2.5278547308669506,0.055707496129790535,0.01931202348140415,0.806965509247937,0.017806954150842054,0.05895998113972673,0.04757867120566834,80.6965509247937,39.99705376131399,60.503282223471324
40,3,30,70,14.851668675918997,2.3733011852960364,0.030251074451330944,2.4866030327045867,91.83075818549838,2.473437450678337,2.5088163763818128,2.526320601445197,0.0528831507668599,0.017504225063384116,0.8066532642557203,0.016901231158655123,0.055704807064561664,0.04493446445336377,80.66532642557203,39.99705376131399,60.503282223471324
40,3,40,80,14.851668349415492,2.373306409352136,0.030252407603241504,2.4866035131430513,91.83079165204767,2.474709371772365,2.508790395363049,2.5251004461634787,0.050391074391113566,0.01631005080042991,0.8018214222659751,0.016016291960909212,0.05296487643149322,0.042468372550441516,80.1821422265975,39.99705376131399,60.503282223471324
40,3,50,90,14.851668695202042,2.3733008767673405,0.0302534262787735,2.486603541315461,91.83079587094014,2.4758924085584173,2.508384232938072,2.5243441502433073,0.04845174168488997,0.015959917305235383,0.7898638270780979,0.015181546401003809,0.05101264777179534,0.04029304519841727,78.98638270780978,39.99705376131399,60.503282223471324
40,3,60,100,14.851668806395885,2.3732990976658312,0.03025088475147087,2.4866033164682193,91.83077995116163,2.4769017959626494,2.507629797189464,2.5241035422097635,0.04720174624711415,0.016473745020299635,0.7701161916931525,0.014432518079992934,0.04999389086449265,0.03850110484048617,77.01161916931525,39.99705376131399,60.503282223471324
40,3,70,110,14.851668675421301,2.3733011932591817,0.030251935110212,2.486603157264324,91.83076738245435,2.4776456370481297,2.506708822265634,2.5242882268418847,0.04664258979375502,0.017579404576250734,0.7448782616445335,0.013804171545705715,0.0498454275528258,0.03712877542647741,74.48782616445335,39.99705376131399,60.503282223471324
40,3.5,20,60,14.851669856445737,2.373282296868224,0.03025352206329237,2.491848821877676,92.2186303409808,2.4731976684439636,2.5070452211165923,2.528312802841773,0.05511513439780957,0.02126758172518084,0.8394248003960834,0.018351028589047563,0.05907612099762355,0.049589961076605016,83.94248003960834,46.66322938819967,56.13975969608647
40,3.5,30,70,14.851669250247939,2.373291996032962,0.03025336599626597,2.491849129833918,92.21864937067156,2.4746917210076327,2.5071979753199605,2.526698906509265,0.052007185501632414,0.019500931189304627,0.8454860392289464,0.017444836946000467,0.0555430793263319,0.04696089814619953,84.54860392289464,46.66322938819967,56.13975969608647
40,3.5,40,80,14.851668279361954,2.373307530208731,0.030254042701105977,2.4918487109800975,92.21861234015795,2.476185560583458,2.507130082385795,2.525302278695254,0.049116718111795965,0.018172196309458766,0.849123056007666,0.0165536250519581,0.052370609284054855,0.044469091800260103,84.9123056007666,46.66322938819967,56.13975969608647
40,3.5,50,90,14.851669422697995,2.373289236832069,0.03025092996253752,2.49184796098501,92.21856392768787,2.4775864569716157,2.506776502295963,2.5242791724726015,0.04669271550098575,0.017502670176638535,0.8470769258184229,0.015709189647313104,0.04986535013582264,0.04223978749791192,84.70769258184228,46.66322938819967,56.13975969608647
40,3.5,60,100,14.85166992552132,2.3732811916588856,0.030251498941633603,2.4918479685637225,92.21856761081943,2.478782691848794,2.5061634635479373,2.5237134162547274,0.044930724405933375,0.01754995270679016,0.8368346305315293,0.014944828179553407,0.04823661302011687,0.04036606823478186,83.68346305315293,46.66322938819967,56.13975969608647
40,3.5,70,110,14.85166872903754,2.373300335399372,0.030252561512488334,2.491848253279863,92.21858125509347,2.4796509312551267,2.5054272964290583,2.52359136318671,0.04394043193158348,0.01816406675765192,0.8180463348322473,0.014296185774973665,0.04754676518450605,0.03889545699231467,81.80463348322473,46.66322938819967,56.13975969608647
40,4,20,60,14.851669245930768,2.3732920651076963,0.030252888769351716,2.4970122088754785,92.60119693858456,2.4741587715682423,2.5055914522198637,2.528813538183399,0.05465476661515689,0.023222085963535477,0.8324369190156349,0.01808204890251891,0.059383573404226016,0.0494330788847527,83.2436919015635,53.329405015085335,52.089438102317175
40,4,30,70,14.851669872041997,2.3732820473280434,0.03025185824491133,2.497011753764904,92.6011670870648,2.475819965035342,2.5056171299395205,2.5271617641702435,0.05134179913490167,0.02154463423072306,0.8415079692799172,0.017174170947445788,0.055679005042693006,0.046854326465002864,84.15079692799172,53.329405015085335,52.089438102317175
40,4,40,80,14.851669833205715,2.373282668708558,0.03025178796967134,2.4970113841527755,92.60113943094056,2.477501950138112,2.50548503324427,2.5256439121115184,0.04814196197340648,0.02015887886724821,0.8500575176060134,0.01627365651150591,0.05219223026306982,0.04436639769574658,85.00575176060134,53.329405015085335,52.089438102317175
40,4,50,90,14.851669792785824,2.3732833154268107,0.030252229395564795,2.49701136196491,92.60113753325533,2.4790908947259407,2.5051604560819825,2.524406398870042,0.045315504144101126,0.019245942788059356,0.8547126948799545,0.015410699745047749,0.04923313142219679,0.042080182435244785,85.47126948799544,53.329405015085335,52.089438102317175
40,4,60,100,14.851668852157594,2.373298365478501,0.030249226054172577,2.4970108293943123,92.60109216784753,2.4804456679329543,2.5046697495749966,2.523562405895245,0.04311673796229076,0.018892656320248502,0.8515974824523598,0.014618700124935251,0.047074255759851066,0.04008831769340766,85.15974824523597,53.329405015085335,52.089438102317175
40,4,70,110,14.851669023027902,2.373295631553547,0.030253483829320464,2.497011556446897,92.60114715841048,2.48140684467001,2.5041455253658937,2.523137609147715,0.04173076447770496,0.01899208378182138,0.8381465417870106,0.013932195647419002,0.04584927426109823,0.038428410665383675,83.81465417870106,53.329405015085335,52.089438102317175
40,4.5,20,60,14.851669167224536,2.3732933244074275,0.03025192988876203,2.5018165732317286,92.95787702802369,2.4749610271522515,2.5042520228797707,2.529355255904948,0.054394228752696616,0.025103233025177474,0.7885821626328832,0.01709858746496063,0.0599074655607884,0.04724195874978149,78.85821626328831,59.99558064197102,48.44149976183799
40,4.5,30,70,14.85166886200734,2.373298207882553,0.030250341313827152,2.5018159474643316,92.95782861543262,2.476730160516921,2.5041683829558576,2.5277058292530366,0.05097566873611559,0.02353744629717891,0.7968440988571729,0.016194343410982543,0.05614739692351528,0.04474072190469453,79.68440988571729,59.99558064197102,48.44149976183799
40,4.5,40,80,14.851669290260793,2.373291355827325,0.030253469646703085,2.501816635600792,92.9578824329071,2.478538790054125,2.503982841132875,2.5261162998482933,0.047577509794168193,0.022133458715418275,0.8055560263866967,0.015284632038642108,0.05247389286989575,0.04227066062931443,80.55560263866967,59.99558064197102,48.44149976183799
40,4.5,50,90,14.851668751549497,2.3732999752080595,0.03025366195432541,2.501816940231192,92.95790169885478,2.4802576694491423,2.503689006648296,2.5247200135274492,0.04446234407830696,0.021031006879153047,0.8115606743426966,0.014396566724284646,0.04918539713460429,0.0399169340663728,81.15606743426966,59.99558064197102,48.44149976183799
40,4.5,60,100,14.851668579672255,2.373302725243916,0.03025395103570619,2.5018170035689002,92.95790532983159,2.4817114249983083,2.503339719044564,2.523637542645519,0.04192611764721077,0.020297823600955223,0.8104082576261393,0.013562544261135505,0.046581122613170815,0.037749726415209316,81.04082576261393,59.99558064197102,48.44149976183799
40,4.5,70,110,14.851669869673588,2.373282085222585,0.030250553064371723,2.50181615905685,92.95785064642439,2.4826968876640443,2.5030634304358483,2.522942354953866,0.04024546728982159,0.019878924518017538,0.7977531620799972,0.012819968307839906,0.04488729527794182,0.035808981745196616,79.77531620799972,59.99558064197102,48.44149976183799
40,5,20,60,14.851669914907589,2.373281361478565,0.030250207808383906,2.506006227336867,93.26948526790675,2.475532236463322,2.5031019211763472,2.5299346643524956,0.05440242788917349,0.026832743176148366,0.716219439734247,0.015602751897626934,0.06065987361175308,0.043445780692560027,71.62194397342469,66.66175626885669,45.30212498207242
40,5,30,70,14.851668809294406,2.373299051289515,0.030252140172613642,2.506006678069031,93.26951187562162,2.47732316513455,2.5029525252480775,2.5283288641635804,0.05100569902903018,0.02537633891550284,0.7205010918877538,0.014718371481728483,0.05696964024982494,0.041046688004451395,72.05010918877538,66.66175626885669,45.30212498207242
40,5,40,80,14.851668479826602,2.373304322774363,0.030251534972086207,2.5060067542180064,93.26951547482409,2.479173573450076,2.502755351545677,2.5267097485905463,0.04753617514047015,0.023954397044869236,0.7250539513737413,0.013807115581017814,0.05323064046927007,0.038595086206399246,72.50539513737412,66.66175626885669,45.30212498207242
40,5,50,90,14.851668926044796,2.3732971832832632,0.030251246670077964,2.5060067796562873,93.26952017064889,2.4809231400689242,2.5025391182364833,2.525206234613249,0.044283094544324886,0.022667116376765772,0.7266376665431944,0.012894321256369462,0.04974726753560903,0.03614823839897495,72.66376665431945,66.66175626885669,45.30212498207242
40,5,60,100,14.85166844084637,2.3733049464580853,0.030251493530294417,2.506006265401835,93.26947884413565,2.4823704049235675,2.5023841357856313,2.5239371882518697,0.041566783328302215,0.021553052466238398,0.7207634187809999,0.012009431480933449,0.04682234025413988,0.03374783003690109,72.0763418781,66.66175626885669,45.30212498207242
40,5,70,110,14.851668437406294,2.3733050014992765,0.030251841657741908,2.506006615300675,93.26950486786544,2.4832898306878683,2.50242135911578,2.522995642172646,0.0397058114847777,0.02057428305686626,0.7028739159647177,0.011189257970825055,0.044719711414193605,0.031432318682506344,70.28739159647176,66.66175626885669,45.30212498207242
40,5.5,20,60,14.851668527429078,2.373303561134746,0.03025233933438347,2.509359286279488,93.5192343341288,2.4758037111256677,2.502210507810929,2.5305506477607502,0.054746936635082566,0.028340139949821097,0.631225322588653,0.013931632127997503,0.06164730815940945,0.038913341979645334,63.122532258865306,73.32793189574234,42.790557603238064
40,5.5,30,70,14.851669909637385,2.3732814458018368,0.030253617989774717,2.5093605651876043,93.51933836290354,2.477520259499193,2.5020579240479064,2.5290210722966,0.051500812797407036,0.026963148248693614,0.6310361623956321,0.013104451814557794,0.058132134678459846,0.03668347917936134,63.10361623956321,73.32793189574234,42.790557603238064
40,5.5,40,80,14.851669553924573,2.3732871372068387,0.030249172048916247,2.5093593017135967,93.519241948254,2.479299231081023,2.50192121540028,2.527412553580253,0.04811332249923028,0.025491338179973067,0.629902887609779,0.012222926544223522,0.05444905990116534,0.034297620059381875,62.9902887609779,73.32793189574234,42.790557603238064
40,5.5,50,90,14.85166839493251,2.3733056810798434,0.03025264222680063,2.5093600894508374,93.51929336527886,2.4809525270340917,2.5018588738554373,2.525851281216587,0.04489875418249545,0.023992407361149937,0.6245240107148101,0.011311309459300766,0.05090710891539132,0.03179271183373585,62.45240107148101,73.32793189574234,42.790557603238064
40,5.5,60,100,14.85166979989298,2.373283201712316,0.030252339684143786,2.509359828493017,93.51928276130874,2.482271744175435,2.5019704138609957,2.5244443483505474,0.04217260417511248,0.022473934489551706,0.6105272098614591,0.010388743140354347,0.04778709317746139,0.02917532066502507,61.052720986145914,73.32793189574234,42.790557603238064
40,5.5,70,110,14.851669258136129,2.3732918698219523,0.030252835666679207,2.509359687562346,93.51926884546762,2.4830338701393115,2.5023737827932373,2.523294769009092,0.04026089886978035,0.020920986215854587,0.5838127787626355,0.009485556692092863,0.04537210202367373,0.026488812960742757,58.381277876263546,73.32793189574234,42.790557603238064
40,6,20,60,14.851669053222128,2.3732951484459357,0.03025005112382941,2.511697985818484,93.69363699751568,2.475744416274087,2.501624914315623,2.531187651752306,0.055443235478219055,0.02956273743668314,0.558493625547837,0.01258563419823119,0.06283237863588736,0.03509148294615119,55.849362554783696,79.99410752262803,41.027655825604256
40,6,30,70,14.851669318967339,2.373290896522584,0.030251751312593007,2.5116991150752956,93.6937229231477,2.4772850877756927,2.5015362846760247,2.529767376792167,0.052482289016474226,0.028231092116142165,0.5574656346422849,0.01189199988502471,0.05959349983411643,0.033221328205580616,55.746563464228494,79.99410752262803,41.027655825604256
40,6,40,80,14.85166838450844,2.3733058478649682,0.030254397415060752,2.5116992473560806,93.69372689690992,2.478868955614677,2.5015333484677473,2.5282182146320213,0.04934925901734433,0.026684866164274013,0.5545841442001916,0.011123026781105282,0.05610197365303787,0.03111326504631171,55.45841442001917,79.99410752262803,41.027655825604256
40,6,50,90,14.851668795085045,2.3732992786392746,0.030253886372197412,2.5116986391585523,93.69368411199864,2.480316560371168,2.50169258738092,2.5266404119622865,0.046323851591118625,0.02494782458136635,0.5466481706619419,0.010289597376004782,0.052614571912908414,0.028761659486352575,54.664817066194196,79.99410752262803,41.027655825604256
40,6,60,100,14.851669584561812,2.373286647011025,0.030253647885165158,2.5116993867389423,93.6937448663842,2.481415363855529,2.5021116693360788,2.525146143191454,0.043730779335925174,0.02303447385537538,0.5295635585563628,0.009407938295829274,0.04942639018906147,0.02617441507511469,52.95635585563628,79.99410752262803,41.027655825604256
40,6,70,110,14.851668895692992,2.3732976689121252,0.030254117766058092,2.511699452180403,93.69374540287927,2.4819815910972776,2.5028743910358897,2.523833397716358,0.04185180661908028,0.02095900668046813,0.4995177568284394,0.008491560285663096,0.04680655593303997,0.02338070582453701,49.95177568284394,79.99410752262803,41.027655825604256
50,1,20,70,14.85166888179095,2.373297891344807,0.0302517715274053,2.47006910757225,90.61361698398244,2.4682040797780624,2.5127571816193575,2.527522160779345,0.059318081001282774,0.014764979159987757,0.344743989825677,0.00808643651740873,0.06112805692372053,0.021073530234174517,34.4743989825677,13.332351253771288,81.47584777894805
50,1,30,80,14.851669695219526,2.373284876487588,0.030254408955902673,2.4700697533578486,90.61366932775073,2.4685604592639816,2.5136289038273887,2.5263069743097555,0.05774651504577388,0.012678070482366799,0.31689473200280494,0.007232561583111102,0.059121852737271774,0.01873540367868704,31.689473200280492,13.332351253771288,81.47584777894805
50,1,40,90,14.851668916097708,2.373297342436665,0.03025236892065734,2.4700695578939746,90.61365023308771,2.4688973894301514,2.5139443768772844,2.525663752676249,0.05676636324609774,0.011719375798964649,0.2828182107567601,0.00634381115755727,0.057963469231105166,0.016393124657195682,28.28182107567601,13.332351253771288,81.47584777894805
50,1,50,100,14.851668386758526,2.3733058118636006,0.03025253925262159,2.4700692239734483,90.61362250394411,2.4692049629644246,2.513530416719671,2.5257750623910677,0.05657009942664315,0.012244645671396714,0.2432057771786508,0.0054375741112709566,0.05788011313705552,0.014076777898685822,24.32057771786508,13.332351253771288,81.47584777894805
50,1,60,110,14.85166940093002,2.3732895851196885,0.030251094062516984,2.4700688838058564,90.61360373379239,2.4694717165369013,2.51251480335415,2.526524729657329,0.057053013120427654,0.01400992630317921,0.2011042802592302,0.00453826282319948,0.058747973081121715,0.011814468843167612,20.110428025923017,13.332351253771288,81.47584777894805
50,1,70,120,14.851669553802079,2.3732871391667447,0.03025275498887658,2.47007003913457,90.61368943217309,2.4696857748341134,2.5112049509806105,2.527617487013436,0.05793171217932258,0.016412536032825553,0.1606627197406809,0.0036867441328262344,0.06021174814815352,0.00967378321782325,16.066271974068087,13.332351253771288,81.47584777894805
50,1.5,20,70,14.851668467136045,2.3733045258232743,0.030251514745494628,2.472771491463703,90.8119949148147,2.4690647937187244,2.5115010890088256,2.527929874667538,0.058865080948813375,0.016428785658712197,0.4685875334394002,0.010905075213292079,0.06111466888833039,0.028637571951348386,46.858753343940016,19.998526880656968,77.3009058875204
50,1.5,30,80,14.8516686791206,2.3733011340704087,0.030255010612562017,2.472771906589593,90.81202670183417,2.469640622524481,2.512289306311889,2.526583722030214,0.05694309950573295,0.014294415718324682,0.4446320705429445,0.01000855706997498,0.05870985353454812,0.02610428373833914,44.46320705429445,19.998526880656968,77.3009058875204
50,1.5,40,90,14.851669196115788,2.3732928621473923,0.030250947164073182,2.472771275762189,90.81198352905099,2.4701858537821724,2.5126356604349485,2.5257062643280643,0.05552041054589196,0.013070603893115873,0.4146504407812679,0.009102402703380362,0.05703820362980524,0.023650916276470455,41.46504407812679,19.998526880656968,77.3009058875204
50,1.5,50,100,14.85166914772713,2.3732936363659407,0.03025360388057668,2.4727718981610156,90.81202894810059,2.4706807229994294,2.512363027510509,2.5254933670787634,0.05481264407933395,0.013130339568254268,0.3788758258096197,0.008215947987583192,0.056363390318054915,0.02135472605218298,37.88758258096197,19.998526880656968,77.3009058875204
50,1.5,60,110,14.851669951139003,2.3732807817759394,0.03025176721797897,2.472771605644655,90.81201237543975,2.471101972374772,2.5115059056839275,2.5259337743138723,0.05483180193910053,0.014427868629944829,0.34015316349354785,0.0073856549026102055,0.05669823539663025,0.01928608413466563,34.015316349354784,19.998526880656968,77.3009058875204
50,1.5,70,120,14.85166944052188,2.373288951649931,0.030253284466049905,2.472772019132117,90.81203962370064,2.4714273064011474,2.510316185528611,2.5267979420235096,0.05537063562236222,0.01648175649489847,0.303475678808746,0.006660408455578232,0.05777158113105038,0.017532269799600056,30.3475678808746,19.998526880656968,77.3009058875204
50,2,20,70,14.85166978641382,2.3732834173788793,0.030251797666056235,2.4763439031223133,91.07458462535739,2.4700387156545838,2.510122327517366,2.5283478652176665,0.05830914956308275,0.018225537700300443,0.5835124629335772,0.01345252018568156,0.06109113804174077,0.0356474404221513,58.35124629335772,26.664702507542643,73.23404791596778
50,2,30,80,14.851668879130756,2.373297933907919,0.030251835219701224,2.476344027054554,91.07458817756475,2.4708456393144886,2.5107963222780043,2.5268897491842623,0.056044109869773706,0.016093426906258035,0.5662867912407938,0.012548682200352202,0.05830900994428166,0.0330196221417748,56.62867912407938,26.664702507542643,73.23404791596778
50,2,40,90,14.851669942113078,2.3732809261907364,0.030253303775643392,2.476344439799228,91.07462505579082,2.4716159025484687,2.511130939926456,2.525803706004957,0.054187803456488215,0.014672766078501098,0.5435837613956508,0.011650388763873948,0.05613918513688464,0.030516349418394564,54.35837613956508,26.664702507542643,73.23404791596778
50,2,50,100,14.851669604815187,2.373286322957007,0.030251515394463357,2.476343884821512,91.07458216561595,2.472315140537156,2.510954063769286,2.5252951944839435,0.05298005394678729,0.014341130714657258,0.5145050999169959,0.01078817384635716,0.05488673925803369,0.028239507266072723,51.45050999169959,26.664702507542643,73.23404791596778
50,2,60,110,14.851668744298397,2.3733000912256372,0.03024954634840566,2.4763432564553276,91.07453066879191,2.4729068648318453,2.5102511875942874,2.525414625650659,0.05250776081881359,0.015163438056371437,0.4808072711621436,0.009999957658187545,0.054653406114304984,0.026277755053535395,48.08072711621436,26.664702507542643,73.23404791596778
50,2,70,120,14.851668390849062,2.373305746415011,0.030254379582128132,2.476344145152744,91.07459387007778,2.4733554540002283,2.5092076722900107,2.5260121546188605,0.05265670061863226,0.01680448232884979,0.44691365862968585,0.009328259577591829,0.05527312861039162,0.02470231613117928,44.69136586296859,26.664702507542643,73.23404791596778
50,2.5,20,70,14.851669004841561,2.3732959225350077,0.03025119168525476,2.48059004210794,91.38717524400826,2.4710888915259357,2.508653634472298,2.528779352490385,0.0576904609644493,0.020125718018086936,0.676832013890222,0.015446275840762514,0.06110019486085292,0.04135456793675607,67.6832013890222,33.330878134428346,69.31716701672043
50,2.5,30,80,14.851669588170394,2.3732865892737105,0.030252280889172766,2.480590433091782,91.3872076418197,2.4721304206831336,2.509187047440238,2.527231668532,0.055101247848866386,0.018044621091762192,0.6670719312787804,0.014541833059404218,0.05798065077978576,0.03867726469247221,66.70719312787804,33.330878134428346,69.31716701672043
50,2.5,40,90,14.851668821096322,2.3732988624588423,0.030252677059996187,2.4805907754534484,91.38722814759143,2.4731357642552863,2.50946419965072,2.5259725065595853,0.05283674230429902,0.0165083069088654,0.6527129028635204,0.013649011516863473,0.05535562784693346,0.03613133254180466,65.27129028635204,33.330878134428346,69.31716701672043
50,2.5,50,100,14.851669556916127,2.373287089341967,0.030253399326238245,2.4805906096177903,91.38722045625973,2.474053924543824,2.509341506108821,2.525195124783693,0.05114120023986901,0.015853618674871672,0.6319412167782693,0.012798354645510405,0.05354212908600683,0.03383547820351032,63.19412167782693,33.330878134428346,69.31716701672043
50,2.5,60,110,14.85166872168172,2.373300453092458,0.030250853893518805,2.480590083510436,91.38717655224377,2.4748298264227517,2.508770623598447,2.5250020790041177,0.05017225258136593,0.016231455405670836,0.6048724619079374,0.012026976372717317,0.05273248594248768,0.03189642859455823,60.48724619079374,33.330878134428346,69.31716701672043
50,2.5,70,120,14.851668007283209,2.373311883468663,0.030255563464577997,2.4805909502002916,91.38723601559641,2.475409223457259,2.5078808235670267,2.5253178982294666,0.04990867477220773,0.017437074662439933,0.5746395331759759,0.011372957780474242,0.0528670728365162,0.030379510055155986,57.46395331759759,33.330878134428346,69.31716701672043
50,3,20,70,14.851669025954529,2.3732955847275328,0.030252711278355493,2.485279343914909,91.7330181748628,2.4721690034851758,2.507134379518201,2.5292302406386993,0.057061237153523514,0.022095861120498217,0.7411399979998169,0.016745409395880085,0.06118996538769243,0.045350330825043236,74.11399979998168,39.997053761314,65.59709576542951
50,3,30,80,14.851669407564632,2.373289478965887,0.030252685897249748,2.4852803435943134,91.73309432936345,2.4734398970673652,2.5075089795809666,2.5276158513699025,0.0541759543025373,0.020106871788935887,0.7383562931084352,0.015841229729348365,0.057786852464270066,0.04266728617592249,73.83562931084352,39.997053761314,65.59709576542951
50,3,40,90,14.85166956521043,2.3732869566331063,0.030251735010553622,2.485279173491778,91.73300892481635,2.474682540854669,2.507694535533898,2.5262151249158724,0.05153258406120331,0.01852058938197443,0.7321538650128526,0.0149471685074489,0.054759651670556575,0.04009249061735551,73.21538650128527,39.997053761314,65.59709576542951
50,3,50,100,14.851670031470851,2.3732794964663926,0.030251702973574043,2.4852795400886913,91.73303886731294,2.475826078507277,2.507576551136816,2.5252115543012317,0.04938547579395447,0.017635003164415686,0.7201543287018402,0.014097638147341456,0.052439665864727,0.037764652368161275,72.01543287018401,39.997053761314,65.59709576542951
50,3,60,110,14.85166907165046,2.3732948535926623,0.030252271903898065,2.485279579880685,91.7330358763612,2.4767940258741423,2.5071088121274503,2.5247266853320833,0.04793265945794101,0.01761787320463304,0.7008687302577289,0.013325313179854553,0.05106788911797185,0.03579188660305542,70.08687302577289,39.997053761314,65.59709576542951
50,3,70,120,14.851669407941829,2.373289472930726,0.030252795811023404,2.4852797270759535,91.73304881962054,2.4775051327152906,2.506370936327335,2.524761615760283,0.047256483044992414,0.01839067943294781,0.6754834178486594,0.012668353089460526,0.05070889744203778,0.03425301935948482,67.54834178486594,39.997053761314,65.59709576542951
50,3.5,20,70,14.851668898162583,2.373297629398664,0.030252698318258227,2.490156825831215,92.09343174485787,2.4732255695114245,2.505617200957766,2.5297007576368027,0.05647518812537822,0.02408355667903672,0.7720943424469282,0.017291444916087716,0.06139596547094309,0.04740347758918211,77.20943424469282,46.66322938819967,62.126546088507645
50,3.5,30,80,14.851668759194485,2.3732998528882354,0.030252269521207256,2.4901568791226656,92.09343482488703,2.474707380372202,2.505825526402952,2.528044669878304,0.053337289506101726,0.02221914347535181,0.7745823911523064,0.01638582938969879,0.057780245660917516,0.044755560845401166,77.45823911523064,46.66322938819967,62.126546088507645
50,3.5,40,90,14.85166898506557,2.37329623895087,0.030254361587210676,2.4901575620995207,92.09348674254028,2.4761757191963016,2.505898032498512,2.5265345422220444,0.050358823025742794,0.02063650972353237,0.775206607677879,0.015488574208601228,0.05442312550844107,0.04218916650462604,77.5206607677879,46.66322938819967,62.126546088507645
50,3.5,50,100,14.851670083538448,2.373278663384842,0.030250023588315317,2.49015659313898,92.09342188392526,2.477540756369527,2.5057511277363274,2.5253418884882723,0.04780113211874548,0.01959076075194499,0.7709781830865543,0.014629199292195298,0.0516599084268808,0.03982866233737433,77.09781830865543,46.66322938819967,62.126546088507645
50,3.5,60,110,14.851668927252886,2.3732971639538345,0.03025029879561641,2.4901560861583705,92.09337721463243,2.4786963008586964,2.505354731584232,2.524601092248634,0.04590479138993775,0.019246360664402218,0.7592023543324568,0.013842197011291642,0.04977622194761221,0.0377902248924021,75.92023543324568,46.66322938819967,62.126546088507645
50,3.5,70,120,14.85166915329992,2.373293547201281,0.03025401204827456,2.4901572258833222,92.09346291717893,2.479533913766704,2.504771957253755,2.524356766043048,0.04482285227634408,0.019584808789293362,0.739118482132002,0.013164258552390439,0.04891475055134337,0.03615379618137442,73.9118482132002,46.66322938819967,62.126546088507645
50,4,20,70,14.85166840608464,2.373305502645754,0.030255829295440552,2.4949597841082283,92.44902675089155,2.4741920980796337,2.504162458053121,2.5301959248362063,0.05600382675657256,0.026033466783085046,0.768319576772464,0.017101497822251246,0.06175896699367781,0.04745062338248711,76.8319576772464,53.329405015085335,58.964536020404665
50,4,30,80,14.851668529028263,2.3733035355477847,0.030255273314723573,2.4949590262880035,92.4489713551828,2.4758492290569882,2.504214991988463,2.528522429151081,0.05267320009409282,0.024307437162617962,0.7735200221436159,0.016195761285505362,0.05801135672923846,0.04487294594178174,77.35200221436159,53.329405015085335,58.964536020404665
50,4,40,90,14.851668730612257,2.3733003102038994,0.0302530231578933,2.494959022738134,92.44897234693113,2.4775160305772324,2.504172944467043,2.5269309797638644,0.04941494918663203,0.02275803529682152,0.7782160188837556,0.015290787389324637,0.05440372573352673,0.0423378508527889,77.82160188837555,53.329405015085335,58.964536020404665
50,4,50,100,14.85166981287109,2.3732829940625524,0.030252051839653123,2.4949582842403344,92.44892435475697,2.479077013070186,2.5039890513370597,2.5255819632168026,0.0465049501466166,0.021592911879742882,0.7791564917176409,0.014413892075777165,0.05127342617365877,0.03995002285581143,77.91564917176409,53.329405015085335,58.964536020404665
50,4,60,110,14.851669417354875,2.373289322321987,0.03025548625292975,2.494959244512816,92.44899305719551,2.4803994424312346,2.503654183242196,2.524615251194571,0.04421580876333664,0.020961067952375068,0.7728320743637058,0.013599532189895555,0.04893264875622453,0.037816720442383614,77.28320743637059,53.329405015085335,58.964536020404665
50,4,70,120,14.851669036232579,2.373295420278742,0.030251697128808923,2.4949586458336754,92.44894631749885,2.481330773214837,2.503230874936561,2.5241198418623787,0.04278906864754184,0.020888966925817876,0.7563755445299528,0.012884739831584143,0.04761568370770246,0.036015338692579446,75.63755445299527,53.329405015085335,58.964536020404665
50,4.5,20,70,14.851669404998692,2.373289520020947,0.03025410073774742,2.499428130444789,92.78047255037052,2.475002156787761,2.50284425299762,2.5307079995231674,0.05570584273540646,0.027863746525547572,0.7323920854846722,0.016269385346245564,0.062285867460458486,0.04561767636558707,73.23920854846722,59.99558064197101,56.17586488590003
50,4.5,30,80,14.851670142099785,2.3732777264034355,0.03024982776322611,2.4994275631022678,92.78043503486691,2.4767768472653127,2.502772014561905,2.5290427626905347,0.052265915425222076,0.02627074812862995,0.7373992038347574,0.015371551240827322,0.058496821473259394,0.04313550958124542,73.73992038347575,59.99558064197101,56.17586488590003
50,4.5,40,90,14.851668462045412,2.373304607273413,0.030255285493708203,2.499428970103187,92.78052899699682,2.4785775130440766,2.502643648792986,2.5274049760483317,0.04882746300425511,0.024761327255345744,0.7423974067769602,0.014461315126074691,0.05474709554741904,0.04064410176297436,74.23974067769602,59.99558064197101,56.17586488590003
50,4.5,50,100,14.851669667202277,2.3732853247635717,0.03025007189820481,2.49942748870749,92.78042654494831,2.480279364364818,2.5024425687233474,2.525934284349285,0.04565491998446669,0.023491715625937548,0.7443557585586695,0.013561965623961308,0.05134425402942353,0.038218391155700575,74.43557585586696,59.99558064197101,56.17586488590003
50,4.5,60,110,14.85166927048681,2.373291672211042,0.030253289196046775,2.4994286968403525,92.78051376003744,2.4817073931438305,2.502192523852391,2.5247790367276517,0.043071643583821206,0.022586512875260478,0.7391127403184657,0.012708936846043128,0.048634525235433664,0.03594639722084895,73.91127403184657,59.99558064197101,56.17586488590003
50,4.5,70,120,14.851668974149437,2.373296413609002,0.03024952716892494,2.4994274368844254,92.78041836793804,2.482671758255844,2.501975334195492,2.5240461245839256,0.04137436632808145,0.022070790388433625,0.7225741102866128,0.011937328743184051,0.04689304828458536,0.03388370264286144,72.25741102866128,59.99558064197101,56.17586488590003
50,5,20,70,14.851668559571445,2.3733030468568823,0.030252176100984077,2.5033259542813098,93.07007263921304,2.4755772081191774,2.501738251720753,2.531239075254355,0.05566186713517762,0.02950082353360184,0.6719621689306563,0.014989740567265536,0.06299636530891987,0.042331174267729754,67.19621689306562,66.66175626885669,53.82907365776592
50,5,30,80,14.851669187203957,2.373293004736693,0.030251917291656088,2.503325737636642,93.07006046328381,2.4773787873909883,2.501599568312396,2.5296130364721434,0.05223424908115515,0.02801346815974748,0.6742081367710208,0.014116638931875732,0.05927201005035465,0.03996167145872283,67.42081367710207,66.66175626885669,53.82907365776592
50,5,40,90,14.851669224421313,2.373292409258999,0.030253173707911123,2.503325806693974,93.07006583141677,2.4792269410750163,2.5014481273170888,2.5279515733393425,0.04872463226432622,0.02650344602225374,0.6762178945381917,0.013210495008684684,0.05546640821567894,0.03750737778120227,67.62178945381918,66.66175626885669,53.82907365776592
50,5,50,100,14.851668955131238,2.3732967179001796,0.03025186312077993,2.503325894124005,93.0700706449193,2.480965566423264,2.5012995197972483,2.5263924587765247,0.045426892353260584,0.025092938979276447,0.6748306082030339,0.012294429178283172,0.05189661005781029,0.0350214209289878,67.4830608203034,66.66175626885669,53.82907365776592
50,5,60,110,14.851668608162255,2.3733022694039265,0.03025481311873938,2.5033266131741168,93.07012193710202,2.482394071937882,2.50120987765649,2.525077559296186,0.04268348735830374,0.02386768163969588,0.6655911559875433,0.011396703502292648,0.04890343873308247,0.03254969631811836,66.55911559875433,66.66175626885669,53.82907365776592
50,5,70,120,14.851669364157829,2.3732901734747416,0.03025069811866589,2.50332559374262,93.07005087264346,2.483293722334382,2.5012738003175325,2.5241295922752927,0.04083586994091082,0.022855791957760108,0.6440285735861998,0.010551372912522505,0.046796960369744046,0.03013857963509618,64.40285735861998,66.66175626885669,53.82907365776592
50,5.5,20,70,14.851669423217253,2.3732892285239444,0.030253396638791744,2.506445335844433,93.30217085483434,2.4758454577928632,2.500915458408479,2.5317897486344383,0.05594429084157504,0.03087429022595911,0.6011821855635547,0.013573726734471391,0.06389824312704921,0.03841448545679083,60.11821855635547,73.32793189574235,51.99237012524631
50,5.5,30,80,14.851669884108208,2.373281854268679,0.030253270983144894,2.506445656514262,93.30219762408029,2.4775715484926937,2.500789415823375,2.530225212719961,0.05265366422726725,0.02943579689658593,0.6005166072962806,0.012764643624861982,0.060323084267093485,0.03622501390572262,60.05166072962807,73.32793189574235,51.99237012524631
50,5.5,40,90,14.851668964653529,2.3732965655435354,0.03025500386948221,2.5064456188572812,93.30218904426314,2.4793429725842486,2.5007067112122465,2.528571180614347,0.04922820803009831,0.02786446940210041,0.5986080760402741,0.01189889474197234,0.05656717352772035,0.033861566912465,59.860807604027414,73.32793189574235,51.99237012524631
50,5.5,50,100,14.851668732319206,2.3733002828926875,0.03025345944555195,2.5064453644424485,93.30216864354381,2.4809856538368877,2.500712758596388,2.5269534920091994,0.04596783817231165,0.026240733412811412,0.5921752715412197,0.010993657969167694,0.05293031490817024,0.031344023603507985,59.217527154121974,73.32793189574235,51.99237012524631
50,5.5,60,110,14.851668753589953,2.373299942560743,0.030252590072004464,2.506445158121739,93.30215341663896,2.482281197977419,2.5008840045650835,2.5255112818147216,0.04323008383730276,0.02462727724963809,0.5766892749687536,0.010070560042338559,0.04975281834540398,0.02869191673926312,57.668927496875355,73.32793189574235,51.99237012524631
50,5.5,70,120,14.851668365265658,2.3733061557494777,0.030252327490317765,2.5064454594082366,93.30217340779811,2.483019912599979,2.5013010885431757,2.5243717953854223,0.04135188278544355,0.023070706842246658,0.5480758430373609,0.009156635551726626,0.04735225152093562,0.025952625172053944,54.80758430373609,73.32793189574235,51.99237012524631
50,6,20,70,14.85166949343506,2.373288105039055,0.030250695432473888,2.5086210151447936,93.4642204764375,2.4757740771193912,2.5004231261393235,2.532345820357851,0.05657174323845959,0.03192269421852734,0.5416853043191123,0.012466049508135041,0.06495706689196948,0.03518628854705342,54.168530431911236,79.99410752262801,50.72739964546683
50,6,30,80,14.85166956831419,2.373286906972951,0.030251120236814182,2.5086212532316887,93.46423868857323,2.477316593208396,2.5003909280632377,2.530868665368533,0.05355207216013724,0.03047773730529535,0.5413141462267592,0.011792707779566898,0.0616175048496378,0.03335442703030488,54.13141462267592,79.99410752262801,50.72739964546683
50,6,40,90,14.851669023798122,2.373295619230062,0.030252607987220195,2.508621679273481,93.46426700809717,2.478889563195868,2.500467218644287,2.529252515522448,0.05036295232658006,0.028785296878160782,0.5391207326358773,0.011043550050103414,0.058008794879856176,0.03127374399495239,53.912073263587736,79.99410752262801,50.72739964546683
50,6,50,100,14.851668713178688,2.3733005891410097,0.030251191464344445,2.5086210978923535,93.46422173203042,2.480311948232045,2.5007171184740487,2.5276104807047965,0.04729853247275173,0.026893362230747897,0.5317641696017981,0.010226976028992142,0.05440959571757695,0.028933073485126852,53.17641696017981,79.99410752262801,50.72739964546683
50,6,60,110,14.851668892495233,2.3732977200762573,0.03025389180761377,2.5086216896907403,93.46426695802035,2.4813773907367134,2.5012121070814337,2.5260744830197273,0.044697092283013884,0.024862375938293546,0.5150931285722188,0.009358294986813842,0.05114653258876204,0.026345227486766383,51.50931285722188,79.99410752262801,50.72739964546683
50,6,70,120,14.851669804543887,2.373283127297807,0.030253266191547626,2.508621558163097,93.46426289700052,2.481916158858267,2.501994195973079,2.524770349331127,0.04285419047285988,0.022776153358047946,0.4852166534786163,0.008449685755495939,0.04853076140834258,0.023547933641325167,48.52166534786163,79.99410752262801,50.72739964546683
60,1,20,80,14.851669560999316,2.373287024010961,0.03025091976192996,2.469907913749724,90.60179483591364,2.4682462701176555,2.511471840084119,2.528758187010631,0.060511916892975304,0.017286346926511875,0.3176664219817375,0.00760301832632149,0.06293258199157314,0.019991568147335367,31.76664219817375,13.332351253771288,83.37909441101274
60,1,30,90,14.851669390675314,2.373289749194977,0.03025109727077868,2.469908127415276,90.60180947233091,2.4685877784248413,2.512586715807617,2.527316930241261,0.05872915181641947,0.014730214433643862,0.29130078392251596,0.0067637548514619785,0.060548265791326966,0.0176377572901624,29.130078392251598,13.332351253771288,83.37909441101274
60,1,40,100,14.85166904426733,2.3732952917226986,0.03025300280149675,2.469908723185144,90.60185106746106,2.468904180741856,2.513411049704205,2.5261878867053014,0.05728370596344545,0.012776837001096553,0.26001611262701707,0.005887077600330587,0.058691315649413295,0.015260687740125657,26.001611262701708,13.332351253771288,83.37909441101274
60,1,50,110,14.851669813500397,2.3732829839936382,0.030253594150295316,2.4699084991165567,90.60183932144066,2.4691868456177772,2.513663228036241,2.525660620052203,0.056473774434425916,0.01199739201596195,0.22333261831116596,0.00498504237720737,0.05773408537471678,0.012893904452535892,22.333261831116598,13.332351253771288,83.37909441101274
60,1,60,120,14.851668407852326,2.373305474362784,0.03025327582614868,2.469908656913825,90.60184232307957,2.469427754796296,2.5131957449344293,2.5258902580578857,0.056462503261589525,0.012694513123456375,0.18270590536104883,0.004079281519316563,0.057871970227447875,0.010573550715433528,18.270590536104883,13.332351253771288,83.37909441101274
60,1,70,130,14.851668341135738,2.3733065418281885,0.03025185673191656,2.4699081154899023,90.60180219477203,2.4696164865706702,2.512165464289204,2.5267305253095653,0.05711403873889509,0.01456506102036137,0.14168289151997523,0.0032031332142593997,0.05894195809094621,0.008351067054174459,14.168289151997524,13.332351253771288,83.37909441101274
60,1.5,20,80,14.851668940215543,2.3732969565513287,0.030252398966101064,2.472417783105153,90.78601993977303,2.469109375776976,2.510243301403507,2.529135368367055,0.060025992590079014,0.01889206696354817,0.4271341730424364,0.010130003855548436,0.06292876910109882,0.026879027750576268,42.71341730424364,19.998526880656986,80.1541505505446
60,1.5,30,90,14.851669071107201,2.373294862284772,0.030249510502089166,2.472416984592775,90.78596209790395,2.469668956445069,2.511201595107218,2.5276373194862978,0.057968363041228876,0.016435724379079808,0.40339095331011643,0.00923789604012626,0.06025333309904762,0.024305649478936812,40.33909533101164,19.998526880656986,80.1541505505446
60,1.5,40,100,14.851668825660699,2.37329878942883,0.030254550332235376,2.4724176187079294,90.78600716633929,2.470190145834065,2.5119306355601028,2.5264031911200586,0.05621304528599369,0.014472555559955858,0.37519989954630506,0.008332842513296187,0.058046199916628356,0.021778928377763702,37.5199899546305,19.998526880656986,80.1541505505446
60,1.5,50,110,14.85166940527499,2.373289515600157,0.03025303446343882,2.472417614826971,90.78601042441994,2.470654206497403,2.5121946979180243,2.525686781901483,0.05503257540408013,0.013492083983458691,0.34206340756195575,0.0074400915496119074,0.056662339219471586,0.0193821128338439,34.20634075619557,19.998526880656986,80.1541505505446
60,1.5,60,120,14.851668736565326,2.3733002149547926,0.03025147919259231,2.472417129649963,90.78597070576144,2.4710424194860394,2.5118414532388122,2.525658339291606,0.05461591980556646,0.013816886052793631,0.3054057580934007,0.006596520138666759,0.056336533762772,0.017205501802173846,30.54057580934007,19.998526880656986,80.1541505505446
60,1.5,70,130,14.851669122696952,2.3732940368487667,0.030249485128443082,2.4724171388984275,90.78597374532316,2.4713368409144865,2.510953505905842,2.526253181931175,0.05491634101668863,0.01529967602533322,0.26937061670891166,0.0058537011946042695,0.057007759095945826,0.015356215224867995,26.937061670891165,19.998526880656986,80.1541505505446
60,2,20,80,14.851668723799207,2.373300419212672,0.030250254236261643,2.475734780153312,91.02977916620425,2.47008599634394,2.5088923703708015,2.5295222004920666,0.05943620414812667,0.02062983012126507,0.5299775312204091,0.012441499420308953,0.06291464260702787,0.03334334696648699,52.99775312204091,26.664702507542657,77.03332616874675
60,2,30,90,14.851669879733707,2.373281924260681,0.030253715761979227,2.475735348671812,91.02982805871639,2.4708765430715594,2.5096718804872333,2.527976308234737,0.05709976516317772,0.018304427747503738,0.5117004711686538,0.011540340041051027,0.05996194840774963,0.030682557252435995,51.17004711686538,26.664702507542657,77.03332616874675
60,2,40,100,14.851669358340244,2.373290266556105,0.03025217245970568,2.4757346590074127,91.02977414669589,2.4716199391961133,2.510282618717617,2.52664289008891,0.05502295089279663,0.016360271371293145,0.4894642003780913,0.010639559239777214,0.05740368981427468,0.02809705113369594,48.946420037809126,26.664702507542657,77.03332616874675
60,2,50,110,14.851668992242086,2.3732961241266115,0.030252571321430183,2.475735015772384,91.02979813842002,2.472284390250399,2.510525173709599,2.5257516355529193,0.05346724530252045,0.015226461843320216,0.46241440726692906,0.009771509749818715,0.05559308824400729,0.025707044948490715,46.24144072669291,26.664702507542657,77.03332616874675
60,2,60,120,14.851669523276612,2.37328762757421,0.030253452279938333,2.475735709710988,91.02985242385499,2.472838207167801,2.5102586484581773,2.5254743625173735,0.052636155349572444,0.015215714059196195,0.4311103052152149,0.008973389246109817,0.05479126576668534,0.02362107930780367,43.111030521521485,26.664702507542657,77.03332616874675
60,2,70,130,14.851669891254943,2.3732817399209183,0.030254405805699422,2.475735863333927,91.02986597635804,2.4732495448998484,2.5095139511946307,2.5258116285437295,0.05256208364388115,0.016297677349098816,0.3987080994067238,0.008290891766185807,0.05503078160413213,0.02194121834225002,39.87080994067238,26.664702507542657,77.03332616874675
60,2.5,20,80,14.851668664584007,2.37330136665588,0.030252057494651128,2.479678696731125,91.32003591501797,2.471139163723269,2.507449273479265,2.529924400582239,0.05878523685897008,0.02247512710297439,0.6139324130579881,0.014259139370153502,0.06293516831518026,0.03863793974994925,61.39324130579881,33.33087813442834,74.05368285773662
60,2.5,30,90,14.85166893308343,2.3732970706651217,0.030252830224059026,2.4796793650959046,91.32008679420568,2.4721663239196765,2.5080415338066238,2.5283333048912335,0.056166980971557035,0.020291771084609778,0.6018236526465328,0.013356476953297043,0.059720061329585516,0.03594094544564611,60.182365264653285,33.33087813442834,74.05368285773662
60,2.5,40,100,14.851669300659815,2.3732911894429565,0.03024943925105602,2.4796784922962383,91.32002476852797,2.473144576410951,2.5085102749519748,2.5269112667166715,0.053766690305720566,0.018400991764696784,0.5863876027460352,0.012461059473318369,0.0568282806739365,0.033323399272568464,58.63876027460352,33.33087813442834,74.05368285773662
60,2.5,50,110,14.851668859955108,2.3732982407182766,0.030252146532415928,2.479679195945078,91.32007388579153,2.474024598793633,2.5086978220203813,2.5258633446256242,0.05183874583199133,0.017165522605242955,0.5662059761702459,0.011605774253955292,0.05460687443669437,0.03091873864603458,56.62059761702459,33.33087813442834,74.05368285773662
60,2.5,60,120,14.851669550890385,2.373287185753833,0.030252078250417733,2.4796796208428016,91.32010942995967,2.4747569423284506,2.5084798421982666,2.525362399666053,0.050605457337602466,0.01688255746778644,0.5408072124285481,0.010826971051117233,0.05334728726937308,0.02885059771877463,54.080721242854814,33.33087813442834,74.05368285773662
60,2.5,70,130,14.851669296764594,2.373291251766488,0.030252507404275455,2.4796796958707246,91.32011339355219,2.4752929561086994,2.5078594035675272,2.5254532833802696,0.05016032727157027,0.017593879812742408,0.512127513364312,0.010166321909306835,0.05315640167332869,0.027222855808356372,51.2127513364312,33.33087813442834,74.05368285773662
60,3,20,80,14.85166931162124,2.373291014060146,0.0302518856408818,2.484035155591369,91.64119558667461,2.4722238108206027,2.505963449509957,2.5303369301384864,0.058113119317883655,0.024373480628529176,0.6720367576354161,0.015444036639386734,0.06301746737852822,0.04235005445146171,67.20367576354161,39.997053761314,71.25395447023506
60,3,30,90,14.851669124362601,2.373294010198387,0.030250260566414285,2.4840345024434978,91.64114623926285,2.473484442645916,2.5063597312496335,2.528711956936604,0.05522751429068817,0.022352225686970595,0.6656550746090253,0.014539681500081584,0.05957936159350345,0.03965930438668164,66.56550746090252,39.997053761314,71.25395447023506
60,3,40,100,14.851668313815264,2.373306978955786,0.030253425009273943,2.4840349210176034,91.64117212196108,2.474701229169053,2.506670320815152,2.5272130056432247,0.0525117764741716,0.020542684828072755,0.656832212149969,0.013645346205831252,0.056386953884909344,0.037036767656623296,65.6832212149969,39.997053761314,71.25395447023506
60,3,50,110,14.851668809480707,2.3732990483087053,0.03025144761873627,2.4840350017385164,91.64118113635202,2.4758064374357187,2.506774534219852,2.5260269429182953,0.050220505482576616,0.019252408698443357,0.6435560779989643,0.012791577019297168,0.053784332399104906,0.03461323401656058,64.35560779989643,39.997053761314,71.25395447023506
60,3,60,120,14.85166908797738,2.3732945923619293,0.03025436972474189,2.484035619176627,91.64122841193671,2.4767280940835943,2.5065757575040384,2.5253205629157414,0.04859246883214707,0.01874480541170298,0.6243511028977698,0.012013039210842269,0.052082585929711614,0.032517819966983316,62.435110289776986,39.997053761314,71.25395447023506
60,3,70,130,14.851669097242398,2.3732944441216133,0.03025422296588199,2.484035697764955,91.641234267679,2.4773937448266223,2.5060621480861305,2.52517736001502,0.047783615188397466,0.01911521192888932,0.5997400317257421,0.011350794873319433,0.0514651844216962,0.030865731337839247,59.97400317257421,39.997053761314,71.25395447023506
60,3.5,20,80,14.851668304462859,2.3733071285942673,0.030254312172715365,2.4885666330879617,91.97584547597502,2.4732839894887197,2.5044854756280195,2.5307640260293938,0.05748003654067402,0.02627855040137428,0.7000880525150617,0.01593768439770423,0.0632021899297389,0.04424709806259795,70.00880525150617,46.66322938819967,68.67447640115891
60,3.5,30,90,14.851669560279197,2.3732870355328646,0.030249898790246792,2.4885662342529455,91.97582377182131,2.474762151325754,2.504689902430352,2.52911631691635,0.05435416559059636,0.024426414485998027,0.6982277943125578,0.015033282430213343,0.059590477777005144,0.04160772786026979,69.82277943125578,46.66322938819967,68.67447640115891
60,3.5,40,100,14.851670224405156,2.373276409517511,0.0302490238792279,2.4885653670180354,91.975763779836,2.476210807130315,2.5048368696007044,2.5275523718471278,0.051341564716812726,0.02271550224642338,0.6947949874261363,0.014134203322104251,0.056142232854402355,0.039007341970149705,69.47949874261363,46.66322938819967,68.67447640115891
60,3.5,50,110,14.851668804805616,2.373299123110132,0.03025410216797837,2.4885667167896393,91.97585476170188,2.4775396658281106,2.5048427181661532,2.5262438557342297,0.04870418990611913,0.02140113756807649,0.687485421490797,0.013272131786544052,0.05319874813958549,0.03657336378752569,68.74854214907971,46.66322938819967,68.67447640115891
60,3.5,60,120,14.851668996892792,2.3732960497153175,0.030253027069321356,2.4885665195212825,91.97584136946342,2.4786503455791404,2.504636318720701,2.52535889836453,0.046708552785389656,0.020722579643829064,0.6738194448177862,0.012480146040656781,0.051099062715478163,0.03443154206965274,67.38194448177862,46.66322938819967,68.67447640115891
60,3.5,70,130,14.851668900246198,2.3732975960608496,0.03025247054882632,2.488565887072056,91.97579402109571,2.479440133091143,2.504217908247194,2.5249984773325274,0.045558344241384496,0.020780569085333322,0.652942243012523,0.011798121675270267,0.05007389321319846,0.032695360150995355,65.2942243012523,46.66322938819967,68.67447640115891
60,4,20,80,14.851669567953822,2.373286912738835,0.030251851064270276,2.4930280443647033,92.30593080543262,2.4742580037216904,2.503083994087241,2.531198580721889,0.05694057700019872,0.028114586634647942,0.6969114432951947,0.01575354136820598,0.06350322268005526,0.044256122571853455,69.69114432951947,53.32940501508535,66.35671967234886
60,4,30,90,14.851669008154191,2.3732958695329476,0.030252274162715215,2.4930284686024695,92.30595874151376,2.4759147046368524,2.5031135428646785,2.5295487755804866,0.05363407094363426,0.026435232715808166,0.6973898905370368,0.01485157586130216,0.05979494204968951,0.04170038809070143,69.73898905370368,53.32940501508535,66.35671967234886
60,4,40,100,14.851668775613003,2.3732995901919436,0.030251927915741255,2.493027445859849,92.30588156085545,2.4775679159952317,2.5031101981348347,2.527932914401464,0.05036499840623243,0.024822716266629463,0.6971530469903686,0.013945237491611242,0.056149802380002965,0.03914500581712612,69.71530469903686,53.32940501508535,66.35671967234886
60,4,50,110,14.851669379058299,2.3732899350672145,0.030252693620489712,2.493028221169489,92.30594272402831,2.479100736669946,2.5030195774015307,2.5265194719613384,0.04741873529139262,0.02349989455980772,0.6935978846838221,0.01306674805220138,0.05292241019603364,0.03670687176433847,69.3597884683822,53.32940501508535,66.35671967234886
60,4,60,120,14.851669723161839,2.37328442941057,0.03025473082160215,2.4930286729990834,92.30597832125247,2.480383249097683,2.502807215830293,2.5254708222669833,0.04508757316930012,0.022663606436690298,0.6835391376279213,0.012247826200254117,0.05046313814076749,0.034493529926738875,68.35391376279213,53.32940501508535,66.35671967234886
60,4,70,130,14.851669924205625,2.3732812127099856,0.03025393773777501,2.493028247609852,92.30594807016465,2.481276132451014,2.5024894073430723,2.5249086280029247,0.04363249555191073,0.022419220659852357,0.664757107703936,0.01152798090610436,0.04905523542989739,0.03260981642211424,66.4757107703936,53.32940501508535,66.35671967234886
60,4.5,20,80,14.851669098806425,2.3732944190971876,0.030252910501967746,2.497181908699018,92.61378301666642,2.47506622962753,2.5018306973437077,2.531647349378231,0.05658111975070135,0.02981665203452355,0.6646822064799999,0.014983603464609143,0.06395667166755212,0.042510861643105434,66.46822064799998,59.99558064197102,64.34231951170325
60,4.5,30,90,14.851669393355346,2.3732897063144693,0.0302503446652524,2.4971810472845606,92.6137209583527,2.476846114834266,2.5017306334306957,2.5300050706440347,0.05315895580976848,0.028274437213339,0.6650651183222103,0.014088556333276103,0.06021061685878967,0.04004398102544422,66.50651183222102,59.99558064197102,64.34231951170325
60,4.5,40,100,14.851669187708783,2.3732929966594787,0.030250112052049014,2.4971812544735044,92.61373504411908,2.4786446287724915,2.501617215464107,2.528355333005939,0.0497107042334477,0.026738117541832196,0.6650821679278823,0.013178327794913536,0.05644538107822596,0.03754081641702199,66.50821679278823,59.99558064197102,64.34231951170325
60,4.5,50,110,14.851669617123374,2.3732861260260196,0.03025473776071206,2.497182169914972,92.61380562444884,2.480324373184287,2.5014693121549474,2.526853809351724,0.04652943616743688,0.02538449719677649,0.6618580631104822,0.012278417387482596,0.05300340675836542,0.035080732135348784,66.18580631104822,59.99558064197102,64.34231951170325
60,4.5,60,120,14.85166895219718,2.373296764845116,0.030253055914518854,2.497181699335235,92.61376657294107,2.481722988945226,2.501285690275017,2.525662064830044,0.043939075884817935,0.02437637455502717,0.6517775440149597,0.011420567901378534,0.05024788578695391,0.03275044359016502,65.17775440149597,59.99558064197102,64.34231951170325
60,4.5,70,130,14.851668743510333,2.373300103834681,0.03025216199048435,2.497180753245381,92.61369509573504,2.482659565819071,2.5011119902884014,2.524913566867232,0.042254001048160905,0.02380157657883064,0.6316671083950612,0.010643391421189322,0.0484965529931347,0.030633677396301247,63.16671083950612,59.99558064197102,64.34231951170325
60,5,20,80,14.851669453800787,2.373288739187414,0.030249761994648326,2.500803571664702,92.88261558011811,2.4756373382145127,2.500807284895554,2.5321001840689585,0.05646284585444583,0.03129289917340472,0.6103446287967526,0.013803528006841991,0.06455461641633219,0.03940056339374302,61.03446287967525,66.66175626885669,62.67152795532874
60,5,30,90,14.851669919424657,2.3732812892055,0.030251706184690728,2.5008036485025236,92.88262419982232,2.477443958265186,2.5006477634989412,2.5304901780478857,0.053046219782699744,0.02984241454894443,0.6086277205051774,0.012935939563642864,0.06086436674562165,0.03704374079237883,60.86277205051774,66.66175626885669,62.67152795532874
60,5,40,100,14.851669728249528,2.373284348007558,0.03025532650917924,2.5008047304658274,92.88270337486264,2.4792883132071855,2.5005050823214883,2.5288241573025525,0.04953584409536704,0.02831907498106423,0.6061286352332534,0.012033769234465799,0.05705935381708811,0.034585308256442945,60.612863523325345,66.66175626885669,62.67152795532874
60,5,50,110,14.851670095456681,2.373278472693094,0.030249067918400912,2.5008033791033513,92.882605289162,2.4810148886378314,2.500386029508632,2.5272482108196948,0.04623332218186338,0.02686218131106255,0.5997688690705054,0.011116445248762501,0.05347052332603804,0.032069955303865916,59.97688690705054,66.66175626885669,62.67152795532874
60,5,60,120,14.851669749904682,2.373284001525086,0.03025471605458639,2.5008041725237145,92.88266206510255,2.4824203268457246,2.5003252547228456,2.525927720245902,0.043507393400177286,0.025602465523056228,0.5855876977287918,0.010215369989023657,0.0504814770122376,0.029561331901545144,58.55876977287918,66.66175626885669,62.67152795532874
60,5,70,130,14.851668920304936,2.373297275121026,0.030249969888983756,2.5008035771376793,92.88261265017003,2.4832988926956117,2.5003809805365456,2.5250088922221616,0.04170999952654997,0.024627911685616066,0.5599891393256067,0.009364683487566654,0.04843818838993984,0.027124859426974002,55.99891393256067,66.66175626885669,62.67152795532874
60,5.5,20,80,14.851669541523151,2.373287335629578,0.030253809964223766,2.5037037355280094,93.09817164528226,2.475888592361124,2.5000849516758903,2.532567649829418,0.05667905746829405,0.03248269815352778,0.546956589974904,0.012510675038976895,0.06532718603175386,0.03573113490458427,54.695658997490405,73.32793189574235,61.38111400404843
60,5.5,30,90,14.851669802422306,2.3732831612431027,0.030252920547489855,2.5037032618926385,93.09813805725351,2.4776184204298297,2.4999596919990634,2.530999140270915,0.05338071984108517,0.031039448271851455,0.5432789135722615,0.011708485206103627,0.06174907772407103,0.033546971860022444,54.32789135722616,73.32793189574235,61.38111400404843
60,5.5,40,100,14.851668884078832,2.3732978547386914,0.030253189659301735,2.5037036511136996,93.09816124631774,2.4793835943720937,2.4998974204654467,2.529331493563602,0.04994789919150833,0.029434073098155267,0.5378736619482861,0.010850130375506828,0.057975488724051526,0.031183488423247165,53.787366194828614,73.32793189574235,61.38111400404843
60,5.5,50,110,14.851668968879396,2.3732964979296565,0.030250824980685726,2.503703161622825,93.09812537526493,2.481007629393961,2.4999326476403088,2.5277037625162744,0.046696133122313466,0.02777111487596562,0.5274178144907329,0.009949181658365957,0.054330135928698904,0.02865468155249882,52.74178144907329,73.32793189574235,61.38111400404843
60,5.5,60,120,14.851669115634966,2.3732941498405347,0.030248988077929268,2.5037026606677775,93.09808904001406,2.4822779757885014,2.500116682887326,2.5262741973601446,0.04399622157164318,0.026157514472818555,0.5077806040845565,0.00902683789618524,0.05118479340562813,0.025990645315453073,50.77806040845565,73.32793189574235,61.38111400404843
60,5.5,70,130,14.851668911052595,2.373297423158472,0.03025129843448033,2.5037031610242098,93.09812496825788,2.483000018693642,2.5004944425926277,2.5251904520802597,0.042190433386617876,0.024696009487632065,0.4756198019721744,0.00810916371884359,0.04888686484081233,0.023251560974627616,47.56198019721744,73.32793189574235,61.38111400404843
60,6,20,80,14.85166929731532,2.3732912429548843,0.0302507255165121,2.505725796164847,93.24860817188352,2.4757968152883962,2.4997103456664154,2.5330271631046783,0.05723034781628211,0.03331681743826298,0.4945348855725415,0.011516838431463755,0.06622177161166236,0.03274897624638442,49.45348855725415,79.99410752262803,60.50188374705916
60,6,30,90,14.851668937750237,2.373296995996199,0.030253969009905467,2.5057269745707265,93.24869362120425,2.4773290505115595,2.499711088720149,2.5315278126370875,0.05419876212552799,0.03181672391693846,0.49222458861607893,0.010857157294547911,0.06284751177848055,0.030935090630706766,49.22245886160789,79.99410752262803,60.50188374705916
60,6,40,100,14.851668279745688,2.373307524068993,0.03025471357117996,2.505726451671711,93.24865057125231,2.4788858283487625,2.4998353387457577,2.529880631727774,0.05099480337901152,0.030045292982016303,0.48768987019501864,0.010119895728182546,0.059187748749544807,0.028865265504800883,48.768987019501864,79.99410752262803,60.50188374705916
60,6,50,110,14.851669962379544,2.373280601927287,0.030251905952509477,2.505726351666346,93.24865369270313,2.480282485690332,2.5001305378544836,2.528219610419121,0.04793712472878919,0.02808907256463744,0.4777889517511608,0.00931699864892141,0.05556045288516789,0.026546170542824123,47.778895175116084,79.99410752262803,60.50188374705916
60,6,60,120,14.851668818393268,2.373298905707715,0.03025042146540673,2.505726111582118,93.24862864090433,2.4813199701950435,2.5006404521974535,2.5266968272935793,0.04537685709853578,0.026056375096125794,0.45847244033065077,0.008459344401752835,0.05232584297735624,0.023989956922186962,45.847244033065074,79.99410752262803,60.50188374705916
60,6,70,130,14.851668913197688,2.3732973888369906,0.030252681200605164,2.5057261925923546,93.24863526561414,2.481843999348045,2.5013658746469507,2.5254637775565816,0.0436197782085368,0.024097902909630875,0.4263987454563615,0.007560025167150459,0.04983366307631758,0.02124901141723682,42.639874545636154,79.99410752262803,60.50188374705916
70,1,20,90,14.851669045882028,2.373295265887551,0.03025564221632441,2.4697780038229666,90.59226116601741,2.468305235041673,2.5102133107814746,2.5299498107713414,0.061644575729668194,0.019736499989866818,0.2889727474438759,0.00704216013830756,0.06472698933783967,0.018704335942725994,28.89727474438759,13.332351253771314,85.47640852063324
70,1,30,100,14.851668471548873,2.373304455218024,0.030252246648828793,2.469776882211951,90.59217538060561,2.468637632260823,2.5113858931056696,2.528461422058386,0.05982378979756309,0.017075528952716468,0.2626617441401555,0.006210729105105053,0.06221301724525239,0.016340979617859564,26.26617441401555,13.332351253771314,85.47640852063324
70,1,40,110,14.851670089521042,2.3732785676633203,0.030250578043391436,2.4697769307949224,90.59218881398583,2.468937554667977,2.5124818989176316,2.5270794478936804,0.05814189322570362,0.014597548976048813,0.2324861020614401,0.0053417393976589005,0.059946377571770466,0.013936699654364252,23.24861020614401,13.332351253771314,85.47640852063324
70,1,50,120,14.851668763103417,2.3732997903453343,0.030255183260735865,2.4697772236352717,90.59220220605636,2.4691979534804798,2.5132610071689485,2.526049968519075,0.05685201503859538,0.012788961350126637,0.19787576647015823,0.004445434749898543,0.05827271356615984,0.011530757861199866,19.787576647015822,13.332351253771314,85.47640852063324
70,1,60,130,14.851669070779945,2.3732948675208845,0.030254942095596184,2.4697778084258895,90.59224698343354,2.4694128047319848,2.513444496396467,2.5256573617894293,0.05624455705744458,0.012212865392962513,0.1591740874480305,0.0035385780320288597,0.05755522808307479,0.009161300907986687,15.91740874480305,13.332351253771314,85.47640852063324
70,1,70,140,14.851669820903473,2.373282865544451,0.03025028768812411,2.4697763022823005,90.59214106740126,2.469573643304174,2.512916923646628,2.5260251530171685,0.05645150971299451,0.013108229370540236,0.11869115042443475,0.0026499214802145994,0.05795341772585123,0.006878557820909112,11.869115042443475,13.332351253771314,85.47640852063324
70,1.5,20,90,14.851669918033712,2.3732813114606044,0.030252450374373116,2.472129045151325,90.76482250966588,2.4691750135788744,2.509091314091324,2.5302141743230036,0.061039160744129184,0.021122860231679752,0.3854856619802433,0.009282316624956625,0.06459066781443523,0.024898776340193562,38.54856619802433,19.998526880656986,83.28276326218287
70,1.5,30,100,14.85166986316244,2.373282189400961,0.030254856317123217,2.4721292797275125,90.7648393993693,2.469726049194368,2.5100700472001867,2.5287051058819587,0.05897905668759096,0.018635058681772065,0.36076359464108537,0.008393476525430713,0.06185300752454286,0.022314313333916185,36.076359464108535,19.998526880656986,83.28276326218287
70,1.5,40,110,14.85166999993379,2.3732800010593427,0.030249886360965726,2.472128110908829,90.7647544083209,2.4702279046059257,2.5110043504549044,2.527287047562941,0.05705914295701531,0.016282697108036537,0.3326828660144304,0.007488579448551073,0.059336936389580916,0.01974038205860173,33.268286601443045,19.998526880656986,83.28276326218287
70,1.5,50,120,14.851669012196595,2.3732958048544672,0.030253253658910698,2.472129321759605,90.76483728519415,2.4706653564145307,2.51167550623623,2.5261921808160426,0.05552682440151191,0.014516674579812427,0.30109960100765876,0.006596882285149226,0.05739304896041428,0.017281024142593762,30.109960100765875,19.998526880656986,83.28276326218287
70,1.5,60,130,14.851668758193485,2.373299868904235,0.030254831112132376,2.4721297603353585,90.76486793770965,2.4710214456006963,2.511854065192043,2.5256662641659435,0.05464481856524728,0.013812198973900625,0.266779933836706,0.005753776095215744,0.056363401569843305,0.015036624541614488,26.6779933836706,19.998526880656986,83.28276326218287
70,1.5,70,140,14.85166941038946,2.3732894337686434,0.03025254178525825,2.4721287071812337,90.764794589931,2.4712807916967843,2.5114225501309457,2.525841705920571,0.05456091422378684,0.014419155789625382,0.2328987802844453,0.005015946457341179,0.056434080258483094,0.013143428458675206,23.28987802844453,19.998526880656986,83.28276326218287
70,2,20,90,14.851669329762748,2.3732907237960226,0.030252427085037444,2.4752388406849777,90.99331634057464,2.4701581294608155,2.507833889529588,2.5305011935431296,0.06034306408231416,0.022667304013541667,0.4777293715639306,0.011363055708860011,0.06446000352221985,0.03079443697367884,47.772937156393056,26.664702507542668,81.17089109792661
70,2,30,100,14.851669032257467,2.3732954838805167,0.030252826108776065,2.4752388008271513,90.9933115873559,2.4709409921787926,2.508611254007086,2.5289658770009993,0.05802488482220669,0.020354622993913107,0.45743288873009613,0.010462750579581886,0.06149144603808475,0.028128209793391933,45.74328887300961,26.664702507542668,81.17089109792661
70,2,40,110,14.851669458441167,2.3732886649413403,0.030250800319955088,2.4752384809995673,90.99329068386504,2.471664539040853,2.5093643231011136,2.527511335172011,0.05584679613115817,0.018147012070897528,0.43441702388980385,0.009564785872589753,0.05872119451455705,0.02550948656026815,43.44170238898039,26.664702507542668,81.17089109792661
70,2,50,120,14.851669967969585,2.3732805124866463,0.030254924821609776,2.475239229132225,90.99334881050004,2.472298116147649,2.509913047873526,2.526346460327217,0.05404834417956783,0.0164334124536909,0.40821187655770197,0.008700625461817537,0.05649142017533413,0.02306046863918277,40.821187655770196,26.664702507542668,81.17089109792661
70,2,60,130,14.851669511852602,2.3732878103583714,0.03025093188203284,2.4752384136469927,90.99328605915348,2.4728112343971347,2.5100604012144134,2.525697868198124,0.05288663380098946,0.015637466983710713,0.3792113862265601,0.007911051749550637,0.05515003543486263,0.02091352138769817,37.92113862265601,26.664702507542668,81.17089109792661
70,2,70,140,14.851668992295624,2.373296123270013,0.030251451754798077,2.4752389863134407,90.9933249799994,2.4731809479809197,2.509702408730506,2.5256916263338094,0.052510678352889695,0.015989217603303185,0.3498251432986338,0.007246666565828871,0.05489104135144841,0.01920226640658167,34.98251432986338,26.664702507542668,81.17089109792661
70,2.5,20,90,14.851668613128862,2.373302189938212,0.03025308293747377,2.4789367738039196,91.26539763895578,2.4712169871754677,2.5064828389992058,2.530805867586599,0.059588880411131306,0.024323028587393214,0.5533055310882745,0.012996935076521604,0.06436182399773376,0.03561175320887613,55.33055310882745,33.33087813442834,79.16794187943304
70,2.5,30,100,14.851669282209983,2.37329148464029,0.030251180948595892,2.4789359063762815,91.26533787951824,2.472239088371663,2.5070486095505844,2.5292468495490423,0.05700776117737938,0.022198239998457936,0.5381302713345104,0.012094282612101047,0.06117717461182938,0.03292128957334246,53.813027133451044,33.33087813442834,79.16794187943304
70,2.5,40,110,14.851668753750538,2.373299939991398,0.03025288422870546,2.4789363995744487,91.26537094757126,2.4731978238429284,2.507608186385362,2.527754306736476,0.05455648289354764,0.02014612035111396,0.5207835130425884,0.011203559356981278,0.05815733823788297,0.030287382916730752,52.07835130425884,33.33087813442834,79.16794187943304
70,2.5,50,120,14.85166867078365,2.3733012674616116,0.030252409268508057,2.4789364553738213,91.26537454638695,2.474044266220948,2.508017617794034,2.5265194739006542,0.05247520767970615,0.018501856106620362,0.5003130862412648,0.01035568256351473,0.05564140634831561,0.027838123732930087,50.03130862412648,33.33087813442834,79.16794187943304
70,2.5,60,130,14.851669181773017,2.3732930916317097,0.030254406644382573,2.478937154668051,91.26542917740227,2.4747327954459775,2.508117272342573,2.525746083995712,0.051013288549734526,0.01762881165313912,0.476457255270296,0.00958989963254818,0.053973425025287486,0.02571602994508558,47.6457255270296,33.33087813442834,79.16794187943304
70,2.5,70,140,14.85166922084089,2.3732924665457498,0.030250274711205737,2.4789361097334393,91.26535247612914,2.4752187085654276,2.507808009666337,2.525577107536545,0.0503583989711176,0.017769097870208306,0.4505901629073457,0.0089533943740043,0.05340139685490727,0.024062144108332486,45.05901629073457,33.33087813442834,79.16794187943304
70,3,20,90,14.851669327038868,2.3732907673781085,0.030252502415528553,2.483020550422183,91.56634920320172,2.472306328828032,2.505086467611481,2.531124519581708,0.058818190753676,0.026038051970227016,0.6051372727626569,0.014040710008864261,0.06432386581930583,0.038924768735445814,60.5137272762657,39.997053761314014,77.30078506918001
70,3,30,100,14.851670063527735,2.373278983556233,0.030250606253389073,2.4830198411286055,91.56630143070974,2.4735651601035875,2.505436764529444,2.5295474858827487,0.05598232577916118,0.0241107213533045,0.5948171530467733,0.013137935552590602,0.06095365193178197,0.0362562777098665,59.48171530467733,39.997053761314014,77.30078506918001
70,3,40,110,14.851669069481009,2.3732948883038545,0.03024986355612878,2.48301970628308,91.56628535663282,2.474765614051777,2.5057973005764027,2.5280157489271255,0.053250134875348465,0.02221844835072284,0.5828624088906907,0.012248623071040044,0.05769953475857966,0.03363088982125788,58.28624088906908,39.997053761314014,77.30078506918001
70,3,50,120,14.851669230010687,2.3732923198290057,0.03025250293296737,2.4830207266078017,91.56636159937958,2.4758373440848933,2.506053857472937,2.5267116529946185,0.05087430890972522,0.020657795521681344,0.567866341435488,0.011404518386764725,0.054908467679017824,0.03118067065471259,56.786634143548795,39.997053761314014,77.30078506918001
70,3,60,130,14.851668477308365,2.3733043630661594,0.03025404337596161,2.4830202319133035,91.56632047297974,2.476710937026684,2.5060846563221735,2.525824705601515,0.049113768574831074,0.019740049279341587,0.5487737902199711,0.010642403431591193,0.05293233236097667,0.0290478766549164,54.87737902199711,39.997053761314014,77.30078506918001
70,3,70,140,14.851668346077949,2.3733064627528195,0.030252824903124757,2.4830199269810467,91.56629717392511,2.4773227733727876,2.505810232225651,2.52549696041045,0.048174187037662186,0.019686728184798774,0.5260841189479475,0.01000739772693235,0.05204151768887808,0.02737821598206745,52.60841189479475,39.997053761314014,77.30078506918001
70,3.5,20,90,14.851669057614378,2.373295078169953,0.03025194846955763,2.4872685825746292,91.87992491094242,2.473370478189344,2.503701107145141,2.5314556231393923,0.05808514495004813,0.02775451599425116,0.6290750042060739,0.014434297391392346,0.06437543958640783,0.04049697992858736,62.907500420607384,46.66322938819967,75.59571311532986
70,3.5,30,100,14.8516691439502,2.373293696796803,0.03025272795283828,2.4872690551019123,91.87996035546352,2.474848830691711,2.5038443383252154,2.529868536371623,0.05501970567991199,0.026024198046407765,0.6224921878161627,0.013532069567908213,0.06086400329474552,0.03788736657019627,62.249218781616264,46.66322938819967,75.59571311532986
70,3.5,40,110,14.851668805981282,2.373299104299499,0.030249314492108315,2.4872682895829095,91.87990170793373,2.4762863601783622,2.5040086111488202,2.528298872925451,0.052012512747088735,0.02429026177663074,0.6148501156151274,0.012638595285971905,0.057404863029566724,0.03529538667059965,61.485011561512735,46.66322938819967,75.59571311532986
70,3.5,50,120,14.851668931428692,2.373297097140926,0.030251919310706334,2.487269036539749,91.87995766932144,2.4775850881293118,2.5041084929142485,2.5269272031960095,0.04934211506669772,0.022818710281760968,0.6042847958507664,0.011786903993103628,0.054363019215071036,0.03285074596821049,60.428479585076644,46.66322938819967,75.59571311532986
70,3.5,60,130,14.851669279457248,2.3732915286840246,0.030249301372496394,2.487268594417776,91.87992715834827,2.478648136362041,2.5040571027825838,2.525935450362517,0.047287314000476144,0.021878347579933344,0.5890717542802799,0.011013791552892959,0.05210328356455092,0.030692572653132886,58.90717542802799,46.66322938819967,75.59571311532986
70,3.5,70,140,14.85166878983442,2.3732993626492838,0.03025133555315306,2.487268924088618,91.87994848543649,2.4793851284317747,2.503805330103804,2.5254616592541956,0.046076530822420914,0.021656329150391507,0.5687592717294441,0.0103609832386132,0.05091211334151825,0.028956736506328833,56.87592717294441,46.66322938819967,75.59571311532986
70,4,20,90,14.851668554277058,2.37330313156707,0.030251289552993787,2.491453003583369,92.18932760609349,2.4743419390380446,2.5023963394957316,2.5317963380472492,0.05745439900920468,0.029399998551517648,0.6236954977843372,0.014187568803122217,0.0645396612970516,0.04025309617949712,62.36954977843372,53.32940501508535,74.0780116227911
70,4,30,100,14.85166879833326,2.3732992266678554,0.030254006339934615,2.4914533280207554,92.1893531308511,2.476004164270004,2.5023591133854968,2.530207554151725,0.05420338988172091,0.027848440766228055,0.6189200627564527,0.013285290400213546,0.06093884744381007,0.03771627528422883,61.89200627564527,53.32940501508535,74.0780116227911
70,4,40,110,14.8516689849345,2.3732962410479854,0.03025134658543987,2.491452998385743,92.18932989468226,2.4776519691515007,2.502347029599734,2.5286059863106916,0.0509540171591909,0.02625895671095746,0.613591333959477,0.012384332712884888,0.05732228774400982,0.03517245900245596,61.359133395947694,53.32940501508535,74.0780116227911
70,4,50,120,14.85166887915431,2.373297933531042,0.030250713575700135,2.491453022926357,92.189331054184,2.4791609402856154,2.5023044358040565,2.5271687667386793,0.048007826453063895,0.024864330934622814,0.6054333408333789,0.011515625657559092,0.05406464975909806,0.03273254152463727,60.54333408333788,53.32940501508535,74.0780116227911
70,4,60,130,14.85166950355273,2.3732879431563223,0.030251394378583308,2.49145337278679,92.18936082127513,2.4804019193406948,2.502181802237182,2.5260722133284044,0.04567029398770961,0.023890411091222585,0.592141491128638,0.010715376114423658,0.051541512347150195,0.030519867976266622,59.2141491128638,53.32940501508535,74.0780116227911
70,4,70,140,14.851669361516583,2.3732902157346825,0.030253081871394638,2.491453212858681,92.18934810421179,2.481246915421611,2.501960251562333,2.525461695723221,0.04421478030161019,0.023501444160888063,0.5723786244844283,0.01002542856426066,0.05007259404871088,0.028660482505968306,57.23786244844283,53.32940501508535,74.0780116227911
70,4.5,20,90,14.851669273968259,2.3732916165078657,0.030250600013539082,2.4953478444352526,92.47779301102385,2.475144372322972,2.5012493020485644,2.532145481815056,0.05700110949208437,0.030896179766491727,0.5906855203753062,0.013378331900622558,0.06483594996213107,0.038297656842408705,59.06855203753062,59.99558064197102,72.77139474958739
70,4.5,30,100,14.851668153590554,2.3733095425511506,0.030254965695142383,2.4953485524972203,92.4778385163709,2.476927086644805,2.501085214916022,2.530563689742319,0.05363660309751417,0.029478474826297063,0.5855288030793186,0.012482474856685933,0.06120347759666028,0.03583639898146439,58.552880307931865,59.99558064197102,72.77139474958739
70,4.5,40,110,14.851668262378993,2.3733078019361153,0.030253048047263288,2.4953487043574207,92.47785044967628,2.4787253924336734,2.5009487385625957,2.528937272013148,0.050211879579474594,0.0279885334505523,0.5797999473995123,0.011574033599837998,0.057485570847094686,0.03333013095337644,57.97999473995124,59.99558064197102,72.77139474958739
70,4.5,50,120,14.851669997918282,2.373280033307478,0.03025235098627413,2.4953484418574337,92.47784179992371,2.480389981896903,2.5008130662751644,2.5274389818699987,0.04704899997309564,0.026625915594834293,0.5709445964756953,0.01068108078754673,0.054060593593962626,0.03086560379474155,57.09445964756953,59.99558064197102,72.77139474958739
70,4.5,60,130,14.851669453999795,2.3732887360032686,0.030253246176668913,2.4953483747950345,92.47783344239468,2.4817577195125597,2.500664784000054,2.526242758356269,0.04448503884370947,0.025577974356215005,0.5562503793521709,0.009838825180648722,0.05131424220519614,0.02854356669280953,55.625037935217094,59.99558064197102,72.77139474958739
70,4.5,70,140,14.85166841054447,2.3733054312884994,0.030251382301492793,2.49534794125409,92.477794810918,2.4826582232148224,2.500515927870509,2.5255051696254234,0.04284694641060094,0.02498924175491446,0.5337861064323346,0.009090090388155274,0.04960164332155204,0.02647666806125668,53.37861064323346,59.99558064197102,72.77139474958739
70,5,20,90,14.851669879963115,2.373281920590148,0.030253569058137707,2.4987466511619445,92.72988846407361,2.4756928941861873,2.500342870619929,2.5325043508772485,0.056811456691061135,0.032161480257319575,0.5363381535770461,0.012174839329923467,0.0652832476497782,0.03501389650399508,53.633815357704606,66.66175626885669,71.69732430921562
70,5,30,100,14.851669572714991,2.373286836560133,0.03025519739343111,2.498746727026129,92.72989217642261,2.4775062364032,2.500134831566731,2.530935902799301,0.05342966639610092,0.03080107123256992,0.529096019738708,0.011300802135402552,0.06167199721326107,0.03263040825487312,52.9096019738708,66.66175626885669,71.69732430921562
70,5,40,110,14.851669491049046,2.373288143215268,0.030254054036207793,2.4987466140632684,92.72988328229206,2.479351587892901,2.499967526977879,2.5292935800275016,0.04994199213460071,0.029326053049622658,0.52048626502237,0.010394941668673028,0.05791562799315744,0.03014428890058354,52.048626502237006,66.66175626885669,71.69732430921562
70,5,50,120,14.85166858762148,2.3733025980563074,0.03025416430313239,2.498746683083636,92.7298827642987,2.4810623937301783,2.4998409910257187,2.527740539020451,0.0466781452902727,0.027899547994732377,0.5078022575335407,0.009480845491840854,0.05438045628762398,0.027614518468559484,50.78022575335407,66.66175626885669,71.69732430921562
70,5,60,130,14.851669538004913,2.373287391921404,0.030251307519034876,2.4987465356811556,92.72987775786409,2.482445679360689,2.4997710629075462,2.526451341734265,0.04400566237357628,0.026680278826718862,0.4879447276733731,0.008588257495561169,0.0514619820761759,0.02511060282969166,48.79447276733731,66.66175626885669,71.69732430921562
70,5,70,140,14.851669543891326,2.373287297738776,0.030252767613933727,2.498746818776937,92.72989880630323,2.4833075870262262,2.4997898758864574,2.5255855375470984,0.04227795052087213,0.025795661660640956,0.45885740309601636,0.007755521334629208,0.04952616743455498,0.022725448574318394,45.88574030960164,66.66175626885669,71.69732430921562
70,5.5,20,90,14.851668232085515,2.373308286631764,0.030253547949355225,2.501466274718739,92.93184150934918,2.4759264884543377,2.4997502121417425,2.5328609746658746,0.05693448621153685,0.03311076252413203,0.47326192639679593,0.010855493698438634,0.06586241959646749,0.031170175575378288,47.32619263967959,73.32793189574234,70.87425519257755
70,5.5,30,100,14.851669774520715,2.3732836076685446,0.0302519310621105,2.501465820629006,92.93181742115281,2.4776539788701455,2.499601431761421,2.5313181732622962,0.053664194392150755,0.03171674150087522,0.4642711376974176,0.010044889140358207,0.06233616487394685,0.028940882185721106,46.427113769741766,73.32793189574234,70.87425519257755
70,5.5,40,110,14.851668954687497,2.3732967250000363,0.030251440329508012,2.5014661255458956,92.93183494708569,2.4794081960811014,2.499528729171226,2.5296718151184674,0.05026361903736598,0.030143085947241577,0.45282551196173026,0.009181583521686042,0.05860918894811847,0.026539735991093532,45.282551196173024,73.32793189574234,70.87425519257755
70,5.5,50,120,14.851668574125846,2.373302813986479,0.0302518218242195,2.501465860446941,92.93181286843203,2.4810122149709493,2.4995533725052326,2.528074248971687,0.04706203400073772,0.028520876466454403,0.4358894455050079,0.008278613562742242,0.055029768659347875,0.02398689534719201,43.58894455050079,73.32793189574234,70.87425519257755
70,5.5,60,130,14.851669934256051,2.373281051903182,0.030252526148498812,2.501466446313216,92.93186491019453,2.482264566120086,2.499702948609467,2.5266966629233325,0.044432096803246335,0.026993714313865436,0.41018889573130146,0.007356957913391671,0.05198915116436926,0.021325372506120332,41.018889573130146,73.32793189574234,70.87425519257755
70,5.5,70,140,14.851668468814301,2.373304498971189,0.030254382817258944,2.5014668845474226,92.93188830207284,2.482979639667597,2.49999262876644,2.5257071736610284,0.04272753399343143,0.025714544894588354,0.37348068036160237,0.006441579385189323,0.049868627214869655,0.01862496882090864,37.348068036160235,73.32793189574234,70.87425519257755
70,6,20,90,14.851669899528016,2.3732816075517382,0.03025303769065565,2.503363936829637,93.07290533138423,2.475803998232848,2.499512133871901,2.5332157033126523,0.05741170507980442,0.03370356944075148,0.4215283574747577,0.009843935760849241,0.06657352681973516,0.02806262941162469,42.15283574747577,79.99410752262803,70.31687370781204
70,6,30,100,14.851669439333516,2.3732889706637503,0.030252385068796274,2.503363917590782,93.07290101685514,2.477327992367008,2.499522704232407,2.531714949274133,0.05438695690712514,0.03219224504172624,0.4148674196888829,0.009181914332764959,0.06320033008176487,0.02621975786450748,41.48674196888829,79.99410752262803,70.31687370781204
70,6,40,110,14.851669279017422,2.3732915357212496,0.03025226524293817,2.5033639110947905,93.07289952915065,2.4788635280702773,2.4996603431499342,2.530075468645207,0.05121194057492984,0.03041512549527292,0.40546065260433245,0.008450522918719311,0.0595629307232556,0.02415042476207786,40.546065260433245,79.99410752262803,70.31687370781204
70,6,50,120,14.851668983499987,2.3732962640002038,0.03024934860193889,2.5033629414743572,93.07282557791436,2.480234455486817,2.499954533083901,2.5284408248362125,0.048206369349395484,0.028486291752311654,0.39031948313648696,0.007655839725798357,0.05599395381331947,0.021855531111183178,39.0319483136487,79.99410752262803,70.31687370781204
70,6,60,130,14.851668597974884,2.373302432401864,0.030250502791608114,2.503362962475923,93.07282472353495,2.481252782440434,2.5004179467262104,2.5269829794874745,0.04573019704704073,0.026565032761264096,0.3661577455428015,0.006810101326027916,0.05288621642326295,0.019364697775830646,36.61577455428015,79.99410752262803,70.31687370781204
70,6,70,140,14.8516682373907,2.373308201748816,0.03025577594429222,2.503364835367968,93.0729617288106,2.4817773734080695,2.50101913522305,2.5258725021280233,0.0440951287199538,0.024853366904973306,0.330492893265368,0.005924023513980614,0.05061689661903935,0.016728524611740337,33.0492893265368,79.99410752262803,70.31687370781204
80,1,20,100,14.851669882613983,2.3732818781762726,0.030252738423173168,2.469691233216146,90.58590083317031,2.4683729309111526,2.509107495182536,2.5309806099846393,0.06260767907348663,0.02187311480210319,0.2612468354773791,0.006455894612429522,0.06631858434944674,0.0173255202946326,26.12468354773791,13.332351253771314,87.705084104354
80,1,30,110,14.851669219164304,2.373292493371136,0.030255490946208156,2.46969199409164,90.58595260291186,2.4687049453051904,2.5101920806748272,2.52958086348537,0.06087591818017968,0.019388782810542793,0.23416530700016172,0.0056273008945248405,0.06388898428645058,0.014960583619365208,23.41653070001617,13.332351253771314,87.705084104354
80,1,40,120,14.851668460365635,2.373304634149842,0.03025086478704141,2.4696911409590236,90.58588539054021,2.468994651854229,2.511369306556694,2.5281293124805697,0.05913466062634054,0.01676000592387572,0.2038409063320304,0.004758725592424707,0.061463858371898675,0.01252884859719138,20.38409063320304,13.332351253771314,87.705084104354
80,1,50,130,14.851669076930937,2.373294769105001,0.03025317401927415,2.4696916150087738,90.58592392658139,2.469237505831022,2.5124491912140585,2.52681878337641,0.05758127754538789,0.014369592162351452,0.16998777036320878,0.0038643756916315075,0.05934718782445639,0.010088296135605912,16.998777036320877,13.332351253771314,87.705084104354
80,1,60,140,14.851669215079157,2.373292558733491,0.030252787318664674,2.469691498259885,90.58591620472463,2.469427817647756,2.5131819763091094,2.5259039338627405,0.05647611621498427,0.012721957553631036,0.13263572585810388,0.0029576958756547312,0.057891276602997796,0.007678451493090879,13.263572585810387,13.332351253771314,87.705084104354
80,1,70,150,14.851668735570284,2.373300230875445,0.030252315387550143,2.469691417127816,90.58590732832695,2.4695625308647986,2.513293416378652,2.5256613627132216,0.056098831848423014,0.012367946334569613,0.09345283243850502,0.00207025133450624,0.05744601841113477,0.005368493132835052,9.345283243850503,13.332351253771314,87.705084104354
80,1.5,20,100,14.851669067799275,2.3732949152115976,0.030252546678217734,2.4719409162325823,90.75100344142687,2.469254469101341,2.508131915229073,2.531087647766648,0.06183317866530702,0.022955732537575102,0.34792420979888117,0.008464528911886834,0.06595686196441174,0.022947989079781836,34.792420979888114,19.998526880656968,86.59537348259477
80,1.5,30,110,14.85166884615613,2.373298461501925,0.030250628123418836,2.471940314105966,90.75095787599956,2.4698050710863613,2.509026918466046,2.529663039461992,0.05985796837563084,0.02063612099594625,0.32152234266478963,0.007572686356591636,0.06331528936850368,0.020357280164260354,32.15223426647896,19.998526880656968,86.59537348259477
80,1.5,40,120,14.851668488852823,2.37330417835482,0.03025166895677246,2.471940049768094,90.7509362837272,2.4702966187601088,2.510009948555499,2.5282074249347124,0.057910806174603646,0.018197476379213207,0.29272960032534684,0.006670599545819348,0.06070263271361906,0.01776945741295403,29.272960032534684,19.998526880656968,86.59537348259477
80,1.5,50,130,14.851668540631485,2.373303349896243,0.030252756010206095,2.471940248615694,90.75095120047953,2.4707121764740116,2.5109220060182706,2.5268953212110907,0.05618314473707908,0.01597331519282008,0.2617494325954959,0.005786993398637671,0.058409695691697905,0.015288704705377507,26.174943259549586,19.998526880656968,86.59537348259477
80,1.5,60,140,14.8516689472234,2.3732968444255835,0.03025539345146002,2.4719408209046754,90.75099570520743,2.4710384418956624,2.5115371095767456,2.525964768810406,0.05492632691474375,0.014427659233660517,0.22969394147696084,0.004964551016757699,0.05678960062641693,0.013044227202784189,22.969394147696086,19.998526880656968,86.59537348259477
80,1.5,70,150,14.85166853134683,2.3733034984507357,0.03025261546461547,2.4719400585913305,90.75093719123127,2.4712629963527513,2.511623783182131,2.5256589552219295,0.05439595886917825,0.014035172039798649,0.19961616052373274,0.004271189157661689,0.05617745451232263,0.011213927777746489,19.961616052373273,19.998526880656968,86.59537348259477
80,2,20,100,14.851669996444421,2.3732800568892474,0.030252320255391554,2.4749149910997783,90.96951163483801,2.470247457482774,2.5070183086903985,2.5312220256990288,0.0609745682162548,0.02420371700863022,0.4323047336244873,0.01035833024475063,0.06560272773439048,0.02836036973825544,43.23047336244873,26.664702507542668,85.53053219009159
80,2,30,110,14.851668512360368,2.3733038022341058,0.030252001636510165,2.474914820794554,90.96949002483275,2.4710320561678314,2.5077022443956065,2.529778267416101,0.05874621124826973,0.022076023020494606,0.40969319863697096,0.009458690787107784,0.06275721574789421,0.025711204457305264,40.969319863697095,26.664702507542668,85.53053219009159
80,2,40,120,14.851668649725411,2.373301604393413,0.030251891070365064,2.4749143719888407,90.96945787306704,2.4717449060549286,2.5084822001241065,2.5283081813493555,0.05656327529442695,0.019825981225249034,0.3854312345778614,0.008569085258751271,0.059937247547556416,0.023101687319453564,38.54312345778614,26.664702507542668,85.53053219009159
80,2,50,130,14.85166854004926,2.3733033592118455,0.030253282853848977,2.4749151066123627,90.96951120582413,2.472354524022821,2.5092130989794987,2.5269864752452276,0.054631951222406716,0.017773376265728835,0.35968504073595575,0.0077249090293138685,0.05745035246411113,0.02066403236634883,35.968504073595575,26.664702507542668,85.53053219009159
80,2,60,140,14.851669107852379,2.3732942743619283,0.03025342398358554,2.474915406700701,90.969536744202,2.472833235934458,2.5097005310201705,2.5260338494516184,0.053200613517160544,0.016333318431447807,0.33328791220871795,0.006971087906942763,0.055651438162776685,0.01854795163668441,33.32879122087179,26.664702507542668,85.53053219009159
80,2,70,150,14.851669773441692,2.3732836249329257,0.03025253529882645,2.4749142745954105,90.9694575963506,2.473158844331334,2.509754695906214,2.5256612738260604,0.0525024294947265,0.0159065779198464,0.308473252442145,0.006366175044184272,0.05485913163702896,0.0169225747622261,30.847325244214503,26.664702507542668,85.53053219009159
80,2.5,20,100,14.8516694751598,2.3732883974431953,0.0302514978208595,2.478451288591778,91.22965885011772,2.4713143216558886,2.5058077911066157,2.5313793214131275,0.06006499975723889,0.025571530306511825,0.5014824459947321,0.011834095742105477,0.06528175363801099,0.03273765349321525,50.148244599473216,33.330878134428325,84.52479303308931
80,2.5,30,110,14.851669312410797,2.3732910014272446,0.030253161689845737,2.478451283625635,91.22965748479713,2.4723403648049906,2.5062699485014224,2.5299193863171165,0.057579021512125905,0.023649437815694174,0.48333309251122564,0.010935532275960502,0.062246603339397105,0.030085843290350387,48.333309251122564,33.330878134428325,84.52479303308931
80,2.5,40,120,14.85166867297089,2.3733012324657596,0.030253314386916867,2.4784516328826816,91.22967926859927,2.473290278889125,2.5068338711675318,2.528431734696256,0.055141455807131035,0.021597863528724393,0.4641031263677946,0.010058151287931106,0.059220333142723784,0.02748434175608043,46.41031263677946,33.330878134428325,84.52479303308931
80,2.5,50,130,14.851669772766853,2.3732836357303553,0.030251661647001982,2.478450981829002,91.22963809488814,2.474111159642126,2.5073738182232876,2.5270929662675967,0.052981806625470806,0.019719148044309076,0.4434592627614824,0.009236547078991374,0.056532438766536165,0.025069833617516774,44.34592627614824,33.330878134428325,84.52479303308931
80,2.5,60,140,14.851669338101953,2.373290590368766,0.030250849686479325,2.478450958294545,91.2296336922977,2.47475845990743,2.5077253982243337,2.5261101307665177,0.05135167085908776,0.01838473254218398,0.4217655666851032,0.008515736296750356,0.054543491735199005,0.023004566700680452,42.176556668510315,33.330878134428325,84.52479303308931
80,2.5,70,150,14.851669502823801,2.373287954819175,0.030252253339201382,2.4784513438932563,91.22966309124962,2.4751969814739687,2.507735512689541,2.525670378989541,0.05047339751557223,0.017934866300000074,0.40043753874054483,0.007945932079612857,0.05356513125125198,0.021449489320565583,40.04375387405448,33.330878134428325,84.52479303308931
80,3,20,100,14.851669355800164,2.3732903071973865,0.03025089441168546,2.482356703124098,91.51739453164345,2.47240836175585,2.50454707641283,2.531558643757753,0.059150282001902976,0.027011567344922938,0.5480382589463593,0.012741523177127652,0.06502599965655241,0.03563673563802354,54.80382589463593,39.997053761314,83.59174807820179
80,3,30,110,14.851668922527693,2.3732972395569067,0.03025282190935907,2.4823574811542075,91.51744922927622,2.4736738319621634,2.50478944515012,2.53008216423251,0.056408332270346584,0.025292719082389947,0.5341125153500185,0.011844675545738887,0.0618192655092449,0.033018443398233434,53.411251535001846,39.997053761314,83.59174807820179
80,3,40,120,14.85166845583776,2.373304706595832,0.030252861482767006,2.4823573093788998,91.51743368775506,2.4748683085850156,2.505130252868084,2.5285761251826613,0.053707816597645675,0.023445872314577176,0.5194721269537027,0.010971344748024978,0.058602376165798956,0.030442300991388557,51.94721269537027,39.997053761314,83.59174807820179
80,3,50,130,14.85166943968349,2.3732889650641473,0.030252169944617956,2.482357034536567,91.51741948500266,2.4759153357892787,2.5054704037909423,2.5272138111205216,0.051298475331242877,0.021743407329579245,0.5034189204980565,0.010157944519993304,0.05571632914693981,0.02804865427326684,50.34189204980565,39.997053761314,83.59174807820179
80,3,60,140,14.85167009902563,2.3732784155898954,0.03025076078268276,2.482357399065516,91.51745042621975,2.476746142940749,2.5056795740872375,2.526192172636259,0.04944602969551015,0.020512598549021543,0.4856649761890857,0.009447242032899367,0.0535320142707389,0.025998624436152206,48.56649761890857,39.997053761314,83.59174807820179
80,3,70,150,14.851669699437306,2.373284809003101,0.030251668068705655,2.4823574256474528,91.51744992391787,2.477303830698759,2.505637568877948,2.5256869501840855,0.048383119485326365,0.020049381306137537,0.46688964142440176,0.008885613827279763,0.05237274044663182,0.024452290007541195,46.68896414244018,39.997053761314,83.59174807820179
80,3.5,20,100,14.851669467385225,2.373288521836402,0.030254817852492736,2.4864221088917295,91.81740045795347,2.473469233664211,2.5032947280371394,2.5317609095529465,0.05829167588873574,0.028466181515807154,0.5675126521201853,0.013016558017379255,0.06487097169002709,0.036815097189420734,56.75126521201853,46.66322938819967,82.74416708017881
80,3.5,30,110,14.851669454518909,2.3732887276974424,0.03025208966521317,2.4864217920413623,91.8173769774155,2.4749604895896677,2.5033322588837352,2.53026609819954,0.055305608609872436,0.026933839315804953,0.5567106190648943,0.012117635096775185,0.06151538054826611,0.03424626558703778,55.67106190648943,46.66322938819967,82.74416708017881
80,3.5,40,120,14.851668380659113,2.3733059094541997,0.030254515599961798,2.486422056038191,91.81738983599237,2.47639472362688,2.5034544111470836,2.5287413706628614,0.05234664703598124,0.025286959515777863,0.5455133095955843,0.011241525687452824,0.05813434249617167,0.03171305757624983,54.55133095955843,46.66322938819967,82.74416708017881
80,3.5,50,130,14.85166955353271,2.3732871434766207,0.030254827335391345,2.4864222260533038,91.81740964351549,2.47767331418323,2.503595252323936,2.527349144838284,0.04967583065505421,0.023753892514347896,0.5328700119782022,0.01042300120588003,0.055063014454829994,0.029341429172101176,53.28700119782022,46.66322938819967,82.74416708017881
80,3.5,60,140,14.85166894605846,2.373296863064639,0.030253852624599682,2.4864222652943577,91.8174087860798,2.478696159450718,2.5036604141070895,2.526281447529789,0.04758528807907059,0.022621033422699277,0.5178698571701731,0.009704011933210873,0.05268843131731116,0.027285750400816405,51.78698571701731,46.66322938819967,82.74416708017881
80,3.5,70,150,14.851669922317718,2.3732812429164976,0.030250634877881207,2.486421457891548,91.81735519084157,2.4793750104975927,2.503562907162739,2.525711931731923,0.04633692123433031,0.022149024569183773,0.5005859460473975,0.00913186832366807,0.05135844194329534,0.025709314247704836,50.058594604739746,46.66322938819967,82.74416708017881
80,4,20,100,14.85166960802354,2.373286271623354,0.03025221626211488,2.490424778290429,92.11325657728551,2.4744338444917005,2.5021296685246592,2.531970089275255,0.05753624478355457,0.029840420750595786,0.5579475204939793,0.012654568409700641,0.06481412017736335,0.03616287764595868,55.794752049397935,53.329405015085335,81.99380790846894
80,4,30,110,14.851669784163855,2.373283453378315,0.030251539170970256,2.4904249018443188,92.11326680951308,2.4761104047243956,2.5019893413990215,2.530469317522553,0.05435891279815763,0.028479976123531703,0.5483631829216017,0.011753414763778896,0.06136774756005504,0.033651813380761134,54.83631829216017,53.329405015085335,81.99380790846894
80,4,40,120,14.851670023200844,2.3732796287864915,0.030251514881606698,2.4904244486375653,92.11323476658706,2.4777581799170267,2.501920836536661,2.5289236622597153,0.051165482342688584,0.027002825723054347,0.5385606193438559,0.010867567197313544,0.057853774123989725,0.03115776442359545,53.85606193438559,53.329405015085335,81.99380790846894
80,4,50,130,14.851669110448722,2.3732942328204656,0.03025314869797043,2.4904249864198373,92.11326888737003,2.4792513243701637,2.5018805947110367,2.527499617996575,0.048248293626411254,0.025619023285538223,0.5271578479572825,0.010032216140077823,0.05462812638161176,0.028797645541268905,52.71578479572825,53.329405015085335,81.99380790846894
80,4,60,140,14.851669242143926,2.3732921256971817,0.030252370367646737,2.490424627399407,92.11324314601967,2.48045630003351,2.501813843797248,2.5263832379939086,0.04592693796039882,0.02456939419666071,0.512786812092328,0.009288361718258857,0.052085878715917105,0.02670895170176277,51.2786812092328,53.329405015085335,81.99380790846894
80,4,70,150,14.851668370034039,2.3733060794553866,0.030253204595284185,2.4904252137936713,92.1132811148951,2.481250884324534,2.501672896493878,2.5257423969816175,0.04449151265708373,0.024069500487739592,0.4951427553236702,0.00868445192925151,0.050584934044088044,0.02504676362045588,49.514275532367016,53.329405015085335,81.99380790846894
80,4.5,20,100,14.851668771568798,2.373299654899226,0.030254220893216003,2.4941516940448563,92.3891522746143,2.4752179182012646,2.501124878687125,2.532196395932723,0.056978477731458366,0.031071517245597757,0.5202832486103857,0.011722036193681963,0.06489981593608549,0.03376628706944263,52.02832486103857,59.99558064197102,81.35122304099474
80,4.5,30,110,14.851669280614036,2.3732915101754175,0.03025120063441231,2.494151060075461,92.3891084738957,2.477016588196384,2.5008689567756965,2.530689956428945,0.05367336823256119,0.02982099965324858,0.5096303462064106,0.01081933286702361,0.061401323094434704,0.03129197754614843,50.963034620641054,59.99558064197102,81.35122304099474
80,4.5,40,120,14.851669185850762,2.373293026387827,0.030252398564712044,2.49415101798402,92.38910476606523,2.4788141410829927,2.5006696187121222,2.529126326181459,0.050312185098466244,0.028456707469336706,0.4983830845919023,0.009919817273082816,0.057802250556338475,0.028807663928621968,49.83830845919023,59.99558064197102,81.35122304099474
80,4.5,50,130,14.851669938960008,2.3732809766398772,0.030250867167925306,2.4941508360092532,92.38909596946905,2.4804668183796417,2.500507282207323,2.527666144855047,0.04719932647540537,0.027158862647723936,0.484973567566627,0.009055546818264582,0.05445530497618975,0.02640938352723144,48.497356756662704,59.99558064197102,81.35122304099474
80,4.5,60,140,14.851669321572777,2.373290854835578,0.0302505670888204,2.4941507875355367,92.38908853767751,2.481806536972712,2.5003598518944106,2.526496633593878,0.0446900966211663,0.026136781699467537,0.46778874038403856,0.008267428957151237,0.051771962427696334,0.02421834109126184,46.778874038403856,59.99558064197102,81.35122304099474
80,4.5,70,150,14.85166944541595,2.373288873344793,0.030250983567136177,2.494150877604077,92.38909598077213,2.4826711213557404,2.5002188786626744,2.5257866426820827,0.04311552132634233,0.0255677640194083,0.44648596199126284,0.007606325491183233,0.05012642752275919,0.022380746213684452,44.64859619912628,59.99558064197102,81.35122304099474
80,5,20,100,14.85166977341289,2.373283625393759,0.030252681342775672,2.4974028010084974,92.63017255612837,2.4757471311785446,2.500368175798041,2.5324263634404387,0.056679232261894086,0.03205818764239776,0.4600632066583076,0.010365533611887145,0.06511730004163963,0.02995807386608787,46.006320665830756,66.66175626885669,80.82556845342972
80,5,30,110,14.851668885565825,2.3732978309467825,0.03025459462433021,2.4974029704005773,92.63017958431581,2.477562848566628,2.5000858322372213,2.530928906866533,0.05336605829990493,0.030843074629311573,0.4463803693866115,0.00947434284704443,0.061637905797148354,0.027513951157948247,44.63803693866115,66.66175626885669,80.82556845342972
80,5,40,120,14.851668711592698,2.373300614516844,0.03025298008271127,2.4974021921635337,92.63012076869043,2.479404523532084,2.4998613828258165,2.529346634780303,0.04994211124821879,0.02948525195448637,0.4310289287137325,0.008564060821250784,0.05799650471148244,0.024998171294931214,43.10289287137325,66.66175626885669,80.82556845342972
80,5,50,130,14.851669523047796,2.3732876312352547,0.030251907228341923,2.497402338743475,92.6301367032242,2.4811028830850024,2.4996906858618892,2.527849550957798,0.04674666787279547,0.028158865095908592,0.4121002482866939,0.007663780039436123,0.05457263637299399,0.022489396998970287,41.21002482866939,66.66175626885669,80.82556845342972
80,5,60,140,14.851669061056356,2.3732950230983003,0.03025205335587141,2.49740185979961,92.6300982931545,2.4824680875418017,2.499576353476428,2.5266219665141683,0.044153878972366556,0.027045613037740335,0.3878382406271913,0.006808656990523469,0.0517786656152279,0.020081746574233634,38.78382406271913,66.66175626885669,80.82556845342972
80,5,70,150,14.851668847679978,2.3732984371203534,0.030252759546290992,2.497402955935759,92.63017827500333,2.4833131462908824,2.4995291975457667,2.5258379929805113,0.04252484668962886,0.026308795434744514,0.3583865674609722,0.006051078377688387,0.0500051527665267,0.017921175055357043,35.83865674609722,66.66175626885669,80.82556845342972
80,5.5,20,100,14.851668351209186,2.373306380653016,0.030255803528283706,2.5000050865578327,92.82330491479158,2.475948280716382,2.4999256550181848,2.5326664518758744,0.0567181711594924,0.0327407968576896,0.3892590943276197,0.00885558693997987,0.06548977567952094,0.025492490768729295,38.92590943276197,73.32793189574234,80.42442311206894
80,5.5,30,110,14.851669649337772,2.3732856105956306,0.03025042311362043,2.5000041413885636,92.82324284128998,2.477672362579545,2.4997308833715537,2.5311724104224735,0.05350004784292839,0.03144152705091985,0.37304019780316955,0.008013788690201895,0.06205501383844299,0.023149014636971197,37.304019780316956,73.32793189574234,80.42442311206894
80,5.5,40,120,14.851669340701857,2.3732905487702953,0.03025319835491354,2.5000048694231536,92.82329497505154,2.4794099833495364,2.4996162311853745,2.5295835549266386,0.050173571577102116,0.029967323741264096,0.3536232835629639,0.007130253675707518,0.05844166131293942,0.020666332170356277,35.36232835629639,73.32793189574234,80.42442311206894
80,5.5,50,130,14.851669586545635,2.3732866152698495,0.030249168945606628,2.5000042193096794,92.82324823514082,2.4809998876634074,2.4995905447892124,2.528049690981135,0.04704980331772779,0.0284591461919228,0.32862404648319155,0.006216702827836356,0.05498733485276499,0.01807016048464186,32.862404648319156,73.32793189574234,80.42442311206894
80,5.5,60,140,14.851668322270044,2.373306843679316,0.030253204971274428,2.5000050994237424,92.82330568932426,2.4822401703241046,2.4996605905891465,2.526762466154569,0.0445222958304643,0.02710187556542243,0.29595868433456085,0.005298079178239315,0.05212241825912359,0.01542608233230591,29.595868433456086,73.32793189574234,80.42442311206894
80,5.5,70,150,14.851669010602109,2.3732958303662706,0.030253687284110046,2.5000049385691936,92.82329804660064,2.4829563964741483,2.499819253351207,2.525901674251053,0.0429452777769046,0.026082420899845804,0.2553986414465125,0.004406208357962852,0.05024529394214158,0.012832579811903643,25.539864144651247,73.32793189574234,80.42442311206894
80,6,20,100,14.851668757568234,2.373299878908261,0.030251193966057778,2.5018198903756863,92.95812096871684,2.4758037059110167,2.49983590749204,2.532896496811375,0.05709279090035846,0.033060589319334976,0.3301699907159943,0.0076550655010053795,0.06597415659888181,0.02178268667174836,33.01699907159943,79.99410752262803,80.153628449126
80,6,30,110,14.851668934913222,2.3732970413884296,0.030250387613073876,2.501819832221186,92.9581177571368,2.4773094358402092,2.4998313180830967,2.531428416562051,0.05411898072184185,0.03159709847895442,0.31685211269350216,0.0069717105346216775,0.06266770066517387,0.01985639335340433,31.685211269350216,79.99410752262803,80.153628449126
80,6,40,120,14.85166837905781,2.3733059350750576,0.030253705938359358,2.5018209814445713,92.95819967954488,2.4788197807767,2.4999465184791814,2.5298355150515803,0.051015734274880487,0.029888996572398963,0.3002986625258053,0.006232680507597109,0.059126620567305326,0.01775564507603256,30.02986625258053,79.99410752262803,80.153628449126
80,6,50,130,14.85166945450284,2.3732887279545523,0.030253455980300666,2.501821128535156,92.95821734153175,2.4801713422265665,2.500190280378346,2.5282695388306244,0.0480981966040579,0.028079258452278655,0.2780096941920229,0.005440836207299395,0.05569453538537213,0.015483620750654107,27.800969419202293,79.99410752262803,80.153628449126
80,6,60,140,14.851668975805017,2.3732963871197263,0.03025030636679555,2.501819942256986,92.95812619010732,2.48118464878733,2.500548623420442,2.5269206181545676,0.04573596936723767,0.026371994734125437,0.24746443376120425,0.004603540197032082,0.05279451676280068,0.013064765196402877,24.746443376120425,79.99410752262803,80.153628449126
80,6,70,150,14.85166876489582,2.3732997616668987,0.030254753902329522,2.5018211026035924,92.9582110981686,2.481721751216954,2.5009673953248885,2.5259784566346526,0.04425670541769877,0.02501106130976405,0.2075600046539933,0.003733313953596873,0.05083511741178281,0.010551337206575936,20.756000465399328,79.99410752262803,80.153628449126
90,1,20,110,14.851669566152626,2.373286941557971,0.030252620842420995,2.469661650440046,90.58372878040629,2.4684426396744983,2.5082219734977302,2.5317902322052293,0.06334759253073097,0.023568258707499012,0.2376474000570156,0.0059254974127748395,0.06758979433274764,0.016062538893565886,23.764740005701558,13.332351253771314,90
90,1,30,120,14.851669387692917,2.3732897969133155,0.030254922885676987,2.4696616988474065,90.58373124296803,2.468781063855981,2.5091268906439343,2.5305632376275584,0.061782173771577575,0.021436346983624066,0.20899402035469827,0.0050841835482567065,0.06539536656326453,0.013667240570625861,20.899402035469826,13.332351253771314,90
90,1,40,130,14.851669226002128,2.3732923839659583,0.030249208066380553,2.46966051137418,90.58364314709205,2.4690686973231077,2.5102405646709327,2.529177885682799,0.060109188359691146,0.01893732101186618,0.1777198900526332,0.004207427410746951,0.06302171572059347,0.011200212388792175,17.77198900526332,13.332351253771314,90
90,1,50,140,14.851669450886318,2.373288785818909,0.030250476360071995,2.4696609520653596,90.58367684656852,2.469300606499973,2.5114228485337216,2.5277773403348878,0.05847673383491481,0.016354491801166215,0.14368041596535472,0.0033096691980322303,0.060720653834374035,0.008724368800611173,14.368041596535472,13.332351253771314,90
90,1,60,150,14.851669212128517,2.3732926059437225,0.03025126445692042,2.4696611460978364,90.58368962400583,2.4694720726715214,2.5124936120473667,2.526545427738558,0.05707335506703659,0.014051815691191294,0.10707663796490184,0.0024071219450989352,0.05877772862936472,0.006293721568845732,10.707663796490184,13.332351253771314,90
90,1,70,160,14.851669104619514,2.3732943260877732,0.03025371070214759,2.469662110750243,90.58375973247841,2.469582767250654,2.513181740640712,2.5257526361852167,0.05616986893456266,0.012570895544504523,0.06992593563468479,0.001545779898321143,0.05755937448336971,0.004024893115296828,6.992593563468478,13.332351253771314,90
90,1.5,20,110,14.851669779088517,2.3732835345837113,0.03025371083052465,2.4718752555846897,90.74618672525244,2.469337992703263,2.507422671698092,2.5317088096547606,0.0623708169514976,0.024286137956668785,0.31910068787875995,0.007803264328186351,0.06693231883064839,0.021358148980180378,31.910068787875996,19.998526880657007,90
90,1.5,30,120,14.851668757572519,2.3732998788396964,0.030252512751697352,2.471874793116754,90.7461465278642,2.469897571858164,2.5081440591679156,2.5304480928619273,0.06055052100376335,0.022304033694011682,0.2909197357681541,0.006907153066785545,0.06452778868712916,0.018772407234562898,29.091973576815413,19.998526880657007,90
90,1.5,40,130,14.85166891700159,2.3732973279745653,0.030252834867911915,2.4718749261694737,90.74615727112317,2.470388338671812,2.5090626196030654,2.5290580106835607,0.05866967201174855,0.019995391080495306,0.26135394628697417,0.006012820893610901,0.06198343390316562,0.016199615055010164,26.135394628697416,19.998526880657007,90
90,1.5,50,140,14.851669070478463,2.3732948723445757,0.030249571265941175,2.4718747721547887,90.74614690068216,2.470790849965806,2.5100652786860276,2.527669576979077,0.056878727013271124,0.017604298293049325,0.23111755635297176,0.005154940863368739,0.059540749953631567,0.013760912632706644,23.111755635297175,19.998526880657007,90
90,1.5,60,150,14.851668957493706,2.3732966801006965,0.030251048576502147,2.471874201263379,90.74610429381055,2.4710922468169603,2.510962900289357,2.5264830955169373,0.05539084869997701,0.015520195227580302,0.20200753261360258,0.0043873383492618444,0.05752410433553878,0.011620302382629627,20.20075326136026,19.998526880657007,90
90,1.5,70,160,14.851669844951461,2.3732824807766217,0.030252665707880374,2.4718753566669465,90.74619454944371,2.4712868540647173,2.5115179839082127,2.5257408681712237,0.05445401410650641,0.014222884263010993,0.17788308425034494,0.0037968141120501625,0.05628081457362362,0.010011404880477932,17.788308425034494,19.998526880657007,90
90,2,20,110,14.851669153217397,2.373293548521633,0.03025176292923719,2.4748022073419658,90.96121555966897,2.470342754118606,2.5064916522598826,2.5316505313842317,0.06130777726562586,0.02515887912434911,0.39999420988688333,0.009601843157434979,0.06626924439017848,0.026507314049650215,39.999420988688335,26.664702507542657,90
90,2,30,120,14.851670069479031,2.3732788883354923,0.030252149130405838,2.474802473163299,90.96124071194556,2.4711391675713275,2.507005929331791,2.5303637627616027,0.05922459519027523,0.02335783342981168,0.375426843739953,0.008707450699514,0.06366428400592282,0.023901281203307576,37.5426843739953,26.664702507542657,90
90,2,40,130,14.851669214932429,2.3732925610811355,0.030249238433254003,2.474801820630929,90.96118751056908,2.4718525448035886,2.507719685422036,2.5289594055052693,0.057106860701680695,0.021239720083233493,0.35046998331270796,0.007839822372766191,0.06092880475124451,0.021353717184431905,35.04699833127079,26.664702507542657,90
90,2,50,140,14.851669299280857,2.3732912115062934,0.03025327787066194,2.474802465836841,90.96123545618624,2.472448415669098,2.5085137777957134,2.527588899347935,0.05514048367883717,0.019075121552221574,0.3258394591430838,0.007039808007212744,0.058346664022616894,0.019011645447932716,32.58394591430838,26.664702507542657,90
90,2,60,150,14.851669132704563,2.373293876726995,0.030251348523889957,2.4748018817720183,90.96119150142663,2.4728980702630046,2.5092313350666577,2.526436553390632,0.05353848312762732,0.017205218323974147,0.3031993369536677,0.006361912224672272,0.056235119926811315,0.017050451075319176,30.319933695366768,26.664702507542657,90
90,2,70,160,14.851669075986702,2.373294784212746,0.030251149448247392,2.474802060868149,90.96120431938495,2.4731858052055173,2.509654467802835,2.525734517587296,0.05254871238177872,0.016080049784461092,0.2850700604484383,0.005871428646144857,0.054953936838534605,0.01566572209644072,28.50700604484383,26.664702507542657,90
90,2.5,20,110,14.851669648230892,2.373285628305712,0.03025080549392757,2.478282036440153,91.21720028647678,2.471418001071375,2.5054581555505333,2.531624156666878,0.06020615559550313,0.026166001116344706,0.4663061785772612,0.010989330965503887,0.06564633109329482,0.030611289789731946,46.63061785772612,33.330878134428346,90
90,2.5,30,120,14.851668816900512,2.3732989295918157,0.03025023558431602,2.4782826348518268,91.21723923157609,2.472458945632013,2.5057599733589018,2.5303086890304307,0.05784974339841753,0.024548715671528942,0.44603799166579183,0.010103168929320403,0.06284291728098182,0.028030328614428616,44.603799166579186,33.330878134428346,90
90,2.5,40,130,14.851669365164303,2.373290157371135,0.030253507970272084,2.478282634664528,91.21724258516149,2.473411427352284,2.5062436064488383,2.5288983879141096,0.05548696056182578,0.022654781465271334,0.42587991009504605,0.009255981948687745,0.059933645939729135,0.025524535744480166,42.587991009504606,33.330878134428346,90
90,2.5,50,140,14.851669793037214,2.3732833114045735,0.030250951877426973,2.4782825703381577,91.21724047783317,2.474218899630579,2.5068257403169794,2.5275312041968387,0.053312304566259794,0.020705463879859387,0.40644625192835143,0.008490958785818929,0.05719194045183121,0.02324544983715626,40.64462519283514,33.330878134428346,90
90,2.5,60,150,14.85166851004208,2.3733038393267187,0.030253531388122215,2.4782828152773955,91.21725062860253,2.4748356134093257,2.507351398747031,2.52640565316334,0.051570039754014196,0.019054254416309035,0.38860221279264695,0.007855798035081412,0.05497757371503436,0.021364406799633216,38.86022127926469,33.330878134428346,90
90,2.5,70,160,14.851668943257083,2.3732969078866684,0.030252266378376243,2.478282679886904,91.21724332282278,2.475227723152659,2.507644913079456,2.525730141104293,0.050502417951634015,0.01808522802483692,0.37407585846735764,0.007406962795267069,0.05364298362015178,0.02006654514845868,37.40758584673576,33.330878134428346,90
90,3,20,110,14.851669563761707,2.3732869798126837,0.030251839880871177,2.4821273383157565,91.5004845447562,2.4725142427467466,2.504372449650668,2.531628006280648,0.05911376353390141,0.027255556629980138,0.5101815528438527,0.01180784612160204,0.06509456510609826,0.03321004630752448,51.01815528438527,39.997053761314,90
90,3,30,120,14.851668484509037,2.373304247855407,0.030253622720431535,2.4821274855303908,91.50048874928994,2.4737973738554606,2.5044562361594833,2.530291157483865,0.056493783628404515,0.02583492132438181,0.4937843336902084,0.010925662426196588,0.06212077549813737,0.030674265737666784,49.37843336902084,39.997053761314,90
90,3,40,130,14.851669427298702,2.373289163220765,0.030249541898754756,2.4821266213272626,91.50043084227401,2.4749980818404924,2.5047154767284097,2.528860130221178,0.053862048380685756,0.02414465349276851,0.47807686439895614,0.010089699207328943,0.05902613444948934,0.02821902927520307,47.80768643989561,39.997053761314,90
90,3,50,140,14.851668500786165,2.373303987421378,0.030254102493998094,2.482127461092746,91.50048704784695,2.4760337565006685,2.505064955993139,2.5274995871442156,0.05146583064354715,0.0224346311510768,0.4629389962618007,0.009339855508468272,0.05614307079876503,0.025990816842635496,46.29389962618007,39.997053761314,90
90,3,60,150,14.851669950880833,2.37328078590666,0.030249809819990196,2.4821266487327067,91.50043608857221,2.476830724700252,2.5053959613556525,2.5263905449517905,0.0495598202515386,0.02099458359613804,0.44891582247067907,0.008724936731810318,0.05382330651065618,0.024162133910322674,44.89158224706791,39.997053761314,90
90,3,70,160,14.851668919684819,2.3732972850428906,0.03025223279621319,2.4821272182084426,91.50047172141898,2.477338903568548,2.505559397037458,2.5257300576785715,0.04839115411002348,0.020170660641113614,0.4368883913222833,0.00829252205525198,0.052426704519729375,0.022904618599953245,43.68883913222833,39.997053761314,90
90,3.5,20,110,14.851668678795093,2.3733011392784986,0.030251342355783233,2.4861271228046977,91.79561066730346,2.4735732103334267,2.5032969745519242,2.5316571661407856,0.05808395580735892,0.028360191588861383,0.5264638858698205,0.01197970157717478,0.06463780928518656,0.034029472250391685,52.64638858698205,46.663229388199674,90
90,3.5,30,120,14.851669086747464,2.373294612040585,0.03025062214785049,2.4861272171634687,91.79562015683078,2.4750814788225073,2.5031822407251343,2.530296153158217,0.05521467433570981,0.02711391243308281,0.512876912186968,0.011098125179738166,0.06151279955771298,0.03154849469713572,51.28769121869679,46.663229388199674,90
90,3.5,40,130,14.851669033561485,2.373295463016248,0.030252753919765372,2.4861278914341334,91.79566962048254,2.4765241812923366,2.5032112692038866,2.5288553697659615,0.052331188473624835,0.02564410056207489,0.5002283422869577,0.010263497615377712,0.05827669500494905,0.02915165453628829,50.022834228695764,46.663229388199674,90
90,3.5,50,140,14.851669860263632,2.3732822357818817,0.03025292635815374,2.4861277363470635,91.7956632775834,2.4777935382089313,2.5033349859685416,2.5274891233420953,0.049695585133163966,0.024154137373553652,0.48817601813045947,0.009515810901626148,0.055254624548430775,0.026973982595346474,48.81760181304595,46.663229388199674,90
90,3.5,60,150,14.851668740326867,2.3733001547701327,0.030252635421432597,2.486127490639776,91.79563821087237,2.4787846420076978,2.5034674990113137,2.526385827997907,0.04760118599020924,0.022918328986593295,0.47664992988824256,0.008902545208762675,0.052831077134696154,0.025181929212173257,47.66499298882426,46.663229388199674,90
90,3.5,70,160,14.851668524121052,2.3733036140631487,0.030251571210827766,2.486127229597193,91.79561759751763,2.4794130016432496,2.503503680096138,2.5257332816810565,0.04632028003780686,0.0222296015849186,0.466150624936451,0.00847322979691145,0.05137823984339153,0.023949998611131826,46.6150624936451,46.663229388199674,90
90,4,20,110,14.851669575928593,2.373286785142524,0.030251556385781985,2.4900668753600197,92.08678279367012,2.4745236723080586,2.5023023259071318,2.5317116780490325,0.057188005740973935,0.02940935214190077,0.512394501030578,0.011491998843404167,0.06430690471509254,0.03295050435431077,51.239450103057806,53.32940501508536,90
90,4,30,120,14.851668565655778,2.3733029495075524,0.03025239248572037,2.4900671987226812,92.08680044651092,2.476215464700606,2.502022683053566,2.5303334740153267,0.05411800931472088,0.028310790961760812,0.49955780724063426,0.010606237120477377,0.06107585297864234,0.030510919189361926,49.95578072406342,53.32940501508536,90
90,4,40,130,14.85166848066541,2.373304309353441,0.030252476887174185,2.490067797920901,92.08684423821978,2.477872515432495,2.501857152259817,2.528874568268469,0.05100205283597381,0.027017416008651818,0.4878057943732203,0.009763776142134022,0.05771611699749056,0.028154256300098605,48.78057943732203,53.32940501508536,90
90,4,50,140,14.851668993169751,2.373296109283971,0.030252753511896973,2.490067103613393,92.08679606268598,2.4793599793955474,2.5017729899516805,2.527499585263195,0.04813960586764754,0.025726595311514444,0.47648185762981365,0.009004487037429182,0.054582775299675645,0.02600770216938016,47.64818576298136,53.32940501508536,90
90,4,60,150,14.851668924649807,2.373297205603083,0.03025081365158279,2.4900669341952306,92.08678310710587,2.4805379179462004,2.5017225353047294,2.5263935315036314,0.04585561355743106,0.024670996198902007,0.4653883882417852,0.008378984090155635,0.0520710605631832,0.02423326694954021,46.53883882417852,53.32940501508536,90
90,4,70,160,14.851669328679277,2.3732907411315667,0.030253650662421343,2.4900675152510066,92.0868285890722,2.4812869526548527,2.501643198277447,2.525736427724736,0.04444947506988317,0.024093229447288866,0.4548241082617051,0.007937388537226328,0.05055926758951194,0.022995573795764696,45.48241082617051,53.32940501508536,90
90,4.5,20,110,14.851669952208663,2.373280764661396,0.03025242100935403,2.493735556265089,92.35833277525444,2.4752866282576087,2.5014717933235517,2.531786567980825,0.05649993972321621,0.03031477465727317,0.46803538347887247,0.01039034792859423,0.06411886423860233,0.030009897212144004,46.80353834788725,59.99558064197102,90
90,4.5,30,120,14.851668901900064,2.373297569598975,0.030254315857824763,2.4937354731460304,92.35832008686525,2.477091117731796,2.501093244283829,2.5303952624380104,0.05330414470621436,0.02930201815418121,0.45325991210011707,0.009495796123092202,0.06082713301454381,0.027570500963474256,45.32599121001171,59.99558064197102,90
90,4.5,40,130,14.85166822789978,2.373308353603546,0.030252093358766417,2.4937352119426714,92.35829654752537,2.4788960741076225,2.5007991464737813,2.5289179280634277,0.05002185395580527,0.028118781589646424,0.4391399827045026,0.008634937896084568,0.05738337521671369,0.025199334400193632,43.913998270450264,59.99558064197102,90
90,4.5,50,140,14.851669856132915,2.3732823018733695,0.03025324752571855,2.4937356314249564,92.35833774504894,2.4805435848154076,2.500570649630365,2.5275280516140937,0.046984466798686064,0.026957401983728868,0.4249652794609334,0.00784884704180144,0.0541686407626145,0.02301979155970338,42.49652794609334,59.99558064197102,90
90,4.5,60,150,14.851668532258007,2.373303483871907,0.030252257155322634,2.493734992436864,92.35828218095257,2.4818648469113307,2.500389507271732,2.5264099491675482,0.04454510225621755,0.026020441895816315,0.41071005745425126,0.007190174408571285,0.051588075477482495,0.021187741443311085,41.071005745425126,59.99558064197102,90
90,4.5,70,160,14.851669230358391,2.3732923142657283,0.0302515909537557,2.493735363512734,92.35831400866769,2.4826972547392847,2.5002348449083627,2.525745084471226,0.043047829731941434,0.025510239562863468,0.3973509991833032,0.006719567251413613,0.05003886456730313,0.019882992833815887,39.73509991833032,59.99558064197102,90
90,5,20,110,14.851668443907675,2.3733048974772046,0.030254645006699082,2.4969355507773425,92.59550632510879,2.475784091046227,2.5008850601344386,2.5318796844313973,0.05609559338517034,0.03099462429695876,0.39728140449162713,0.008788431661574657,0.0640888627808607,0.02546131341785151,39.728140449162716,66.66175626885669,90
90,5,30,120,14.851669404982774,2.3732895202756144,0.03025280046551293,2.4969353887770582,92.5955003019844,2.4776021067296368,2.500507485380966,2.530473944283255,0.05287183755361813,0.029966458902288995,0.37810634429882545,0.007885869873788238,0.060773512860774793,0.02297885077798521,37.81063442988255,66.66175626885669,90
90,5,40,130,14.851668307303283,2.373307083147463,0.030255239289411522,2.496935899375244,92.59553132799607,2.4794366810720216,2.500195815639931,2.5289844311007625,0.0495477500287409,0.028788615460831668,0.3580153981563356,0.006997148413486609,0.057304135217820275,0.020515762786012418,35.80153981563356,66.66175626885669,90
90,5,50,140,14.851669304525206,2.373291127596712,0.030250090550307137,2.4969350056758324,92.59547126207497,2.481128760744694,2.499945371586953,2.5275723040041624,0.046443543259468534,0.02762693241720937,0.33651844403466,0.006161821169369184,0.05403933849779417,0.01818523410794,33.651844403466,66.66175626885669,90
90,5,60,150,14.851669842210166,2.3732825246373457,0.03025293632491446,2.496935172852281,92.59548701339868,2.482482902597744,2.4997503349523544,2.526435255895642,0.04395235329789804,0.026684920943287782,0.31404725190241345,0.005436078345664225,0.05141881334854751,0.01614793702819448,31.404725190241344,66.66175626885669,90
90,5,70,160,14.851669439343047,2.373288970511244,0.03024914797871444,2.4969345514478443,92.59543841375822,2.4833142060355358,2.499611158181691,2.52575599485384,0.04244178881830418,0.02614483667214884,0.2935449818360059,0.004899094602742142,0.04984834924760166,0.014632732774442108,29.35449818360059,66.66175626885669,90
90,5.5,20,110,14.851668714323099,2.3733005708304233,0.03025293314950079,2.49949679998412,92.78556642544973,2.475960496480395,2.5006088579778734,2.5319800455670194,0.05601954908662421,0.03137118758914603,0.31064823095761224,0.006917224946793223,0.0642054615326616,0.01994531304293835,31.064823095761223,73.32793189574235,90
90,5.5,30,120,14.851669381665532,2.3732898933514766,0.030251880870164012,2.499497069966024,92.7855906390367,2.477667264917973,2.5003454146164175,2.530570300565486,0.05290303564751264,0.03022488594906836,0.2864294650319609,0.006028929970869031,0.06092844090698681,0.017451700734219675,28.642946503196086,73.32793189574235,90
90,5.5,40,130,14.851668836122473,2.37329862204044,0.030251072762428804,2.4994966848324878,92.7855586371412,2.4793944569647675,2.5001570278305394,2.5290642958471463,0.04966983888237886,0.028907268016606924,0.2589309691066848,0.005119131154413185,0.05746932258853779,0.01488058739175478,25.89309691066848,73.32793189574235,90
90,5.5,50,140,14.85166867049642,2.3733012720572852,0.030254092201691677,2.4994977448391467,92.78563630090302,2.480970017437571,2.5000414249462306,2.5276330081076743,0.046662990670103266,0.027591583161443722,0.2270548035277678,0.004215017971882042,0.05421005589033283,0.012308653589408832,22.70548035277678,73.32793189574235,90
90,5.5,60,150,14.851668963776957,2.373296579568696,0.030253673471424637,2.499496913823229,92.78557643571125,2.4822092575651507,2.4999883729743164,2.526468570359154,0.044259312794003414,0.026480197384837645,0.191249270943431,0.0033600771934701595,0.05157603728997989,0.009863879529859865,19.1249270943431,73.32793189574235,90
90,5.5,70,160,14.851669139855666,2.373293762309352,0.03025374284549199,2.4994976570987277,92.78563271907046,2.4829367818289967,2.4999794817620584,2.5257623544758543,0.0428255726468576,0.025782872713795868,0.1565083822459987,0.0026479900746552085,0.04998786050539749,0.007823519179638411,15.65083822459987,73.32793189574235,90
90,6,20,110,14.851669193487663,2.373292904197401,0.030251786937357614,2.501284669211341,92.91835438087065,2.4757863959001036,2.5006715923435237,2.5320884056145463,0.05630200971444266,0.03141681327102264,0.23199844114402057,0.0052780262729884364,0.06447427746001888,0.014957931864611442,23.199844114402058,79.99410752262803,90
90,6,30,120,14.851669278948817,2.373291536818916,0.030251149444472672,2.5012837683684,92.91828798608162,2.477272781343181,2.5006244238613986,2.5306808052952348,0.053408023952053796,0.030056381433836155,0.20929730347390396,0.004529290988467476,0.0612846072628307,0.012826703044567695,20.929730347390397,79.99410752262803,90
90,6,40,130,14.85167006800513,2.373278911917902,0.03025076372802566,2.5012846028530102,92.91835492203134,2.4787677770206704,2.500679109215929,2.5291624595850424,0.05039468256437196,0.028483350369113314,0.18299579875269942,0.003745034259345633,0.05788717715533798,0.010593110221080088,18.29957987526994,79.99410752262803,90
90,6,50,140,14.85166887882511,2.373297938798233,0.030254198596200956,2.501285082073754,92.91838308644421,2.4801066623164174,2.5008234141839196,2.5277067089713476,0.04760004665493023,0.026883294787428014,0.1514370226873972,0.002931616371328123,0.054666955102504924,0.008278600920108962,15.14370226873972,79.99410752262803,90
90,6,60,150,14.851668745869311,2.3733000660910126,0.030254160972628088,2.501284463394626,92.9183362889185,2.4811265950319648,2.5010214631894754,2.526509537937376,0.04538294290541112,0.02548807474790049,0.11379028207670136,0.0021003389507762565,0.052050489537663024,0.005922839886721068,11.379028207670135,79.99410752262803,90
90,6,70,160,14.85166894555345,2.3732968711447833,0.030254222296897858,2.5012845937940344,92.91834722644673,2.4816876049113468,2.5012076256941205,2.5257741083907512,0.04408650347940446,0.024566482696630754,0.07180355291626883,0.001282140127080682,0.050469117895237676,0.003623861977428109,7.180355291626883,79.99410752262803,90